Tank,Treatment,Genotype_Code,Site,Location,Genotype,Sample,1,1.5,2,2.5,3,3.5,4,4.5,5,5.5,6,6.5,7
H1,H,A_red,CRF,FL,U91,H1_A_red,0,0,0,0,0,0,0,0,1,1,1,1,1
H1,H,A_yellow,CRF,FL,U93,H1_A_yellow,0,0,0,0,0,0,0,0,1,1,1,1,1
H1,H,A_green,CRF,FL,M6,H1_A_green,0,0,0,0,0,0,0,0,0,0,0,0,0
H1,H,A_purple,CRF,FL,M5,H1_A_purple,0,0,0,0,0,0,0,0,0,0,0,0,0
H1,H,A_navy,CRF,FL,M7,H1_A_navy,0,0,0,0,0,0,0,0,0,0,0,0,0
H1,H,A_neon,CRF,FL,M3,H1_A_neon,0,0,0,0,0,0,0,0,0,0,0,0,0
H1,H,A_orange,CRF,FL,U8,H1_A_orange,0,0,0,0,0,0,1,1,1,1,1,1,1
H1,H,A_pink,CRF,FL,U4,H1_A_pink,0,0,0,0,0,0,0,0,0,0,0,0,0
H1,H,A_aqua,CRF,FL,K2,H1_A_aqua,0,0,0,0,0,0,0,0,0,0,0,0,0
H1,H,A_gray,CRF,FL,U5,H1_A_gray,0,0,0,0,0,0,0,0,0,0,0,0,1
H1,H,B_red,CRF,FL,U67,H1_B_red,0,0,0,0,0,0,0,0,0,0,0,0,0
H1,H,B_yellow,CRF,FL,B10,H1_B_yellow,0,0,0,0,0,0,0,0,0,0,0,0,0
H1,H,B_green,CRF,FL,U3,H1_B_green,0,0,0,0,0,0,0,0,0,0,0,0,0
H1,H,B_purple,CRF,FL,U46,H1_B_purple,0,0,0,0,0,0,0,0,0,0,0,0,0
H1,H,B_navy,CRF,FL,KW15,H1_B_navy,0,0,0,0,0,0,0,0,0,0,0,0,0
H1,H,B_neon,CRF,FL,U42,H1_B_neon,0,0,0,0,0,0,0,0,0,0,0,0,0
H1,H,B_orange,CRF,FL,U44,H1_B_orange,0,0,0,0,0,0,0,0,0,0,0,0,0
H1,H,B_pink,CRF,FL,M10,H1_B_pink,0,0,0,0,0,0,0,0,0,0,0,0,0
H1,H,B_aqua,CRF,FL,U20,H1_B_aqua,0,0,0,0,0,0,0,0,0,0,0,0,0
H1,H,B_gray,CRF,FL,U69,H1_B_gray,0,0,0,0,0,0,0,0,0,0,0,0,0
H1,H,C_red,CRF,FL,U62,H1_C_red,0,0,0,0,0,0,0,0,0,0,0,0,0
H1,H,C_yellow,CRF,FL,U14,H1_C_yellow,0,0,0,0,0,0,0,0,0,0,0,0,0
H1,H,C_green,CRF,FL,U31,H1_C_green,0,0,0,0,0,0,0,0,0,0,0,0,0
H1,H,C_purple,CRF,FL,U32,H1_C_purple,0,0,0,0,0,0,0,0,0,0,0,0,0
H1,H,C_navy,CRF,FL,U11,H1_C_navy,0,0,0,0,0,0,0,0,0,0,0,0,0
H1,H,C_neon,CRF,FL,U35,H1_C_neon,0,0,0,0,0,0,0,0,0,0,0,0,0
H1,H,C_orange,CRF,FL,U37,H1_C_orange,0,0,0,0,0,0,0,0,0,0,0,0,0
H1,H,C_pink,CRF,FL,U9,H1_C_pink,0,0,0,0,0,0,0,0,0,0,0,0,0
H1,H,C_aqua,CRF,FL,U72,H1_C_aqua,0,0,0,0,0,0,0,0,0,0,0,0,0
H1,H,C_gray,CRF,FL,U75,H1_C_gray,0,0,0,0,0,0,0,0,0,0,0,0,0
H1,H,D_red,CRF,FL,M1,H1_D_red,0,0,0,0,0,0,0,0,0,0,0,0,0
H1,H,D_yellow,CRF,FL,U55,H1_D_yellow,0,0,0,0,0,0,0,0,0,0,0,0,0
H1,H,D_green,CRF,FL,K1,H1_D_green,0,0,0,0,0,0,0,0,0,0,0,0,0
H1,H,D_purple,CRF,FL,U19,H1_D_purple,0,0,0,0,0,0,0,0,1,1,1,1,1
H1,H,D_navy,CRF,FL,M2,H1_D_navy,0,0,0,0,0,0,0,1,1,1,1,1,1
H1,H,D_neon,CRF,FL,B8,H1_D_neon,0,0,0,0,0,0,0,0,0,0,0,0,0
H1,H,D_orange,CRF,FL,U39,H1_D_orange,0,0,0,0,0,0,0,0,0,0,0,0,0
H1,H,D_pink,CRF,FL,U98,H1_D_pink,0,0,0,0,0,0,0,0,0,0,0,0,0
H1,H,D_aqua,CRF,FL,U15,H1_D_aqua,0,0,0,0,0,0,0,0,0,0,0,0,0
H1,H,D_gray,CRF,FL,U17,H1_D_gray,0,0,0,0,0,0,0,0,0,0,0,0,0
H1,H,E_red,CRF,FL,U47,H1_E_red,0,0,0,0,0,0,0,0,0,0,0,0,0
H1,H,E_yellow,CRF,FL,U71,H1_E_yellow,0,0,0,0,0,0,0,0,0,0,0,0,0
H1,H,E_green,CRF,FL,U58,H1_E_green,0,0,0,0,0,0,0,0,0,0,0,0,0
H1,H,E_purple,CRF,FL,U65,H1_E_purple,0,0,0,0,0,0,0,0,0,0,0,0,0
H1,H,E_navy,CRF,FL,U59,H1_E_navy,0,0,0,0,0,0,0,0,0,0,0,0,0
H1,H,E_neon,CRF,FL,U33,H1_E_neon,0,0,0,0,0,0,0,0,0,0,0,0,0
H1,H,E_orange,CRF,FL,U100,H1_E_orange,0,0,0,0,0,0,0,0,0,0,0,0,0
H1,H,E_pink,CRF,FL,U63,H1_E_pink,0,0,0,0,0,0,0,0,0,0,0,0,0
H1,H,E_aqua,CRF,FL,U41,H1_E_aqua,0,0,0,0,0,0,0,0,0,0,0,0,0
H1,H,E_gray,CRF,FL,U43,H1_E_gray,0,0,0,0,0,0,0,0,0,0,0,1,1
H2,H,A_red,CRF,FL,U91,H2_A_red,0,0,0,0,0,1,1,1,1,1,1,1,1
H2,H,A_yellow,CRF,FL,U93,H2_A_yellow,0,0,0,0,1,1,1,1,1,1,1,1,1
H2,H,A_green,CRF,FL,M6,H2_A_green,0,0,0,0,0,1,1,1,1,1,1,1,1
H2,H,A_purple,CRF,FL,M5,H2_A_purple,0,0,0,0,0,1,1,1,1,1,1,1,1
H2,H,A_navy,CRF,FL,M7,H2_A_navy,0,0,0,0,1,1,1,1,1,1,1,1,1
H2,H,A_neon,CRF,FL,M3,H2_A_neon,0,0,0,0,0,1,1,1,1,1,1,1,1
H2,H,A_orange,CRF,FL,U8,H2_A_orange,0,0,0,0,0,1,1,1,1,1,1,1,1
H2,H,A_pink,CRF,FL,U4,H2_A_pink,0,0,0,0,0,1,1,1,1,1,1,1,1
H2,H,A_aqua,CRF,FL,K2,H2_A_aqua,0,0,0,0,0,1,1,1,1,1,1,1,1
H2,H,A_gray,CRF,FL,U5,H2_A_gray,0,0,0,0,1,1,1,1,1,1,1,1,1
H2,H,B_red,CRF,FL,U67,H2_B_red,0,0,0,0,0,1,1,1,1,1,1,1,1
H2,H,B_yellow,CRF,FL,B10,H2_B_yellow,0,0,0,0,1,1,1,1,1,1,1,1,1
H2,H,B_green,CRF,FL,U3,H2_B_green,0,0,0,0,0,1,1,1,1,1,1,1,1
H2,H,B_purple,CRF,FL,U46,H2_B_purple,0,0,0,0,1,1,1,1,1,1,1,1,1
H2,H,B_navy,CRF,FL,KW15,H2_B_navy,0,0,0,0,0,1,1,1,1,1,1,1,1
H2,H,B_neon,CRF,FL,U42,H2_B_neon,0,0,0,0,1,1,1,1,1,1,1,1,1
H2,H,B_orange,CRF,FL,U44,H2_B_orange,0,0,0,0,0,1,1,1,1,1,1,1,1
H2,H,B_pink,CRF,FL,M10,H2_B_pink,0,0,0,0,0,1,1,1,1,1,1,1,1
H2,H,B_aqua,CRF,FL,U20,H2_B_aqua,0,0,0,0,0,1,1,1,1,1,1,1,1
H2,H,B_gray,CRF,FL,U69,H2_B_gray,0,0,0,0,0,1,1,1,1,1,1,1,1
H2,H,C_red,CRF,FL,U62,H2_C_red,0,0,0,0,0,1,1,1,1,1,1,1,1
H2,H,C_yellow,CRF,FL,U14,H2_C_yellow,0,0,0,0,0,1,1,1,1,1,1,1,1
H2,H,C_green,CRF,FL,U31,H2_C_green,0,0,0,0,0,1,1,1,1,1,1,1,1
H2,H,C_purple,CRF,FL,U32,H2_C_purple,0,0,0,0,0,1,1,1,1,1,1,1,1
H2,H,C_navy,CRF,FL,U11,H2_C_navy,0,0,0,0,0,1,1,1,1,1,1,1,1
H2,H,C_neon,CRF,FL,U35,H2_C_neon,0,0,0,0,0,1,1,1,1,1,1,1,1
H2,H,C_orange,CRF,FL,U37,H2_C_orange,0,0,0,0,0,1,1,1,1,1,1,1,1
H2,H,C_pink,CRF,FL,U9,H2_C_pink,0,0,0,0,0,1,1,1,1,1,1,1,1
H2,H,C_aqua,CRF,FL,U72,H2_C_aqua,0,0,0,0,0,1,1,1,1,1,1,1,1
H2,H,C_gray,CRF,FL,U75,H2_C_gray,0,0,0,0,0,1,1,1,1,1,1,1,1
H2,H,D_red,CRF,FL,M1,H2_D_red,0,0,0,0,1,1,1,1,1,1,1,1,1
H2,H,D_yellow,CRF,FL,U55,H2_D_yellow,0,0,0,0,0,1,1,1,1,1,1,1,1
H2,H,D_green,CRF,FL,K1,H2_D_green,0,0,0,0,0,1,1,1,1,1,1,1,1
H2,H,D_purple,CRF,FL,U19,H2_D_purple,0,0,0,0,0,1,1,1,1,1,1,1,1
H2,H,D_navy,CRF,FL,M2,H2_D_navy,0,0,0,0,1,1,1,1,1,1,1,1,1
H2,H,D_neon,CRF,FL,B8,H2_D_neon,0,0,0,0,1,1,1,1,1,1,1,1,1
H2,H,D_orange,CRF,FL,U39,H2_D_orange,0,0,0,0,1,1,1,1,1,1,1,1,1
H2,H,D_pink,CRF,FL,U98,H2_D_pink,0,0,0,0,1,1,1,1,1,1,1,1,1
H2,H,D_aqua,CRF,FL,U15,H2_D_aqua,0,0,0,0,0,1,1,1,1,1,1,1,1
H2,H,D_gray,CRF,FL,U17,H2_D_gray,0,0,0,0,0,1,1,1,1,1,1,1,1
H2,H,E_red,CRF,FL,U47,H2_E_red,0,0,0,0,1,1,1,1,1,1,1,1,1
H2,H,E_yellow,CRF,FL,U71,H2_E_yellow,0,0,0,0,0,1,1,1,1,1,1,1,1
H2,H,E_green,CRF,FL,U58,H2_E_green,0,0,0,0,1,1,1,1,1,1,1,1,1
H2,H,E_purple,CRF,FL,U65,H2_E_purple,0,0,1,1,1,1,1,1,1,1,1,1,1
H2,H,E_navy,CRF,FL,U59,H2_E_navy,0,0,0,0,1,1,1,1,1,1,1,1,1
H2,H,E_neon,CRF,FL,U33,H2_E_neon,0,0,0,0,1,1,1,1,1,1,1,1,1
H2,H,E_orange,CRF,FL,U100,H2_E_orange,0,0,0,0,0,1,1,1,1,1,1,1,1
H2,H,E_pink,CRF,FL,U63,H2_E_pink,0,0,0,0,0,1,1,1,1,1,1,1,1
H2,H,E_aqua,CRF,FL,U41,H2_E_aqua,0,0,0,0,0,1,1,1,1,1,1,1,1
H2,H,E_gray,CRF,FL,U43,H2_E_gray,0,0,0,1,1,1,1,1,1,1,1,1,1
H3,H,A_red,CRF,FL,U91,H3_A_red,0,0,0,0,1,1,1,1,1,1,1,1,1
H3,H,A_yellow,CRF,FL,U93,H3_A_yellow,0,0,0,0,0,0,0,1,1,1,1,1,1
H3,H,A_green,CRF,FL,M6,H3_A_green,0,0,0,0,0,0,0,1,1,1,1,1,1
H3,H,A_purple,CRF,FL,M5,H3_A_purple,0,0,0,0,0,0,0,1,1,1,1,1,1
H3,H,A_navy,CRF,FL,M7,H3_A_navy,0,0,0,0,0,0,0,1,1,1,1,1,1
H3,H,A_neon,CRF,FL,M3,H3_A_neon,0,0,0,0,0,0,0,1,1,1,1,1,1
H3,H,A_orange,CRF,FL,U8,H3_A_orange,0,0,0,0,0,0,0,1,1,1,1,1,1
H3,H,A_pink,CRF,FL,U4,H3_A_pink,0,0,0,0,0,0,0,1,1,1,1,1,1
H3,H,A_aqua,CRF,FL,K2,H3_A_aqua,0,0,0,0,0,0,0,1,1,1,1,1,1
H3,H,A_gray,CRF,FL,U5,H3_A_gray,0,0,0,0,0,0,0,1,1,1,1,1,1
H3,H,B_red,CRF,FL,U67,H3_B_red,0,0,0,0,1,1,1,1,1,1,1,1,1
H3,H,B_yellow,CRF,FL,B10,H3_B_yellow,0,0,0,0,0,0,1,1,1,1,1,1,1
H3,H,B_green,CRF,FL,U3,H3_B_green,0,0,0,0,0,0,1,1,1,1,1,1,1
H3,H,B_purple,CRF,FL,U46,H3_B_purple,0,0,1,1,1,1,1,1,1,1,1,1,1
H3,H,B_navy,CRF,FL,KW15,H3_B_navy,0,0,0,0,0,0,1,1,1,1,1,1,1
H3,H,B_neon,CRF,FL,U42,H3_B_neon,0,0,0,0,0,0,0,1,1,1,1,1,1
H3,H,B_orange,CRF,FL,U44,H3_B_orange,0,0,0,0,0,0,0,1,1,1,1,1,1
H3,H,B_pink,CRF,FL,M10,H3_B_pink,0,0,0,0,0,0,0,1,1,1,1,1,1
H3,H,B_aqua,CRF,FL,U20,H3_B_aqua,0,0,0,0,0,0,0,1,1,1,1,1,1
H3,H,B_gray,CRF,FL,U69,H3_B_gray,0,0,0,0,0,0,0,1,1,1,1,1,1
H3,H,C_red,CRF,FL,U62,H3_C_red,0,0,0,0,0,0,0,1,1,1,1,1,1
H3,H,C_yellow,CRF,FL,U14,H3_C_yellow,0,0,0,0,0,0,0,1,1,1,1,1,1
H3,H,C_green,CRF,FL,U31,H3_C_green,0,0,0,0,0,0,0,1,1,1,1,1,1
H3,H,C_purple,CRF,FL,U32,H3_C_purple,0,0,0,0,0,0,0,1,1,1,1,1,1
H3,H,C_navy,CRF,FL,U11,H3_C_navy,0,0,0,0,0,0,0,1,1,1,1,1,1
H3,H,C_neon,CRF,FL,U35,H3_C_neon,0,0,0,0,0,0,0,1,1,1,1,1,1
H3,H,C_orange,CRF,FL,U37,H3_C_orange,0,0,0,0,0,0,0,1,1,1,1,1,1
H3,H,C_pink,CRF,FL,U9,H3_C_pink,0,0,0,0,0,0,0,1,1,1,1,1,1
H3,H,C_aqua,CRF,FL,U72,H3_C_aqua,0,0,0,0,0,0,0,1,1,1,1,1,1
H3,H,C_gray,CRF,FL,U75,H3_C_gray,0,0,0,0,0,0,0,1,1,1,1,1,1
H3,H,D_red,CRF,FL,M1,H3_D_red,0,0,0,0,0,0,0,1,1,1,1,1,1
H3,H,D_yellow,CRF,FL,U55,H3_D_yellow,0,0,0,0,0,0,0,1,1,1,1,1,1
H3,H,D_green,CRF,FL,K1,H3_D_green,0,0,0,0,0,0,0,1,1,1,1,1,1
H3,H,D_purple,CRF,FL,U19,H3_D_purple,0,0,0,0,0,0,0,1,1,1,1,1,1
H3,H,D_navy,CRF,FL,M2,H3_D_navy,0,0,0,0,0,0,0,1,1,1,1,1,1
H3,H,D_neon,CRF,FL,B8,H3_D_neon,0,0,0,0,0,0,0,1,1,1,1,1,1
H3,H,D_orange,CRF,FL,U39,H3_D_orange,0,0,0,0,0,0,0,1,1,1,1,1,1
H3,H,D_pink,CRF,FL,U98,H3_D_pink,0,0,0,0,0,0,0,1,1,1,1,1,1
H3,H,D_aqua,CRF,FL,U15,H3_D_aqua,0,0,0,0,0,0,0,1,1,1,1,1,1
H3,H,D_gray,CRF,FL,U17,H3_D_gray,0,0,0,0,0,0,0,1,1,1,1,1,1
H3,H,E_red,CRF,FL,U47,H3_E_red,0,0,0,0,0,0,1,1,1,1,1,1,1
H3,H,E_yellow,CRF,FL,U71,H3_E_yellow,0,0,0,0,0,0,0,1,1,1,1,1,1
H3,H,E_green,CRF,FL,U58,H3_E_green,0,0,0,0,0,0,1,1,1,1,1,1,1
H3,H,E_purple,CRF,FL,U65,H3_E_purple,0,0,0,0,0,0,0,1,1,1,1,1,1
H3,H,E_navy,CRF,FL,U59,H3_E_navy,0,0,0,0,0,0,1,1,1,1,1,1,1
H3,H,E_neon,CRF,FL,U33,H3_E_neon,0,0,0,0,0,0,1,1,1,1,1,1,1
H3,H,E_orange,CRF,FL,U100,H3_E_orange,0,0,0,0,0,0,0,1,1,1,1,1,1
H3,H,E_pink,CRF,FL,U63,H3_E_pink,0,0,0,0,0,0,0,1,1,1,1,1,1
H3,H,E_aqua,CRF,FL,U41,H3_E_aqua,0,0,0,0,0,0,0,1,1,1,1,1,1
H3,H,E_gray,CRF,FL,U43,H3_E_gray,0,0,0,0,0,0,1,1,1,1,1,1,1
H4,H,A_red,CRF,FL,U91,H4_A_red,0,0,0,0,0,0,0,0,0,0,0,0,0
H4,H,A_yellow,CRF,FL,U93,H4_A_yellow,0,0,0,0,0,0,0,0,0,0,0,0,0
H4,H,A_green,CRF,FL,M6,H4_A_green,0,0,0,0,0,0,0,0,0,0,0,0,0
H4,H,A_purple,CRF,FL,M5,H4_A_purple,0,0,0,0,0,0,0,0,0,0,0,0,0
H4,H,A_navy,CRF,FL,M7,H4_A_navy,0,0,0,0,0,0,0,0,0,0,0,0,0
H4,H,A_neon,CRF,FL,M3,H4_A_neon,0,0,0,0,0,0,0,0,0,0,0,0,1
H4,H,A_orange,CRF,FL,U8,H4_A_orange,0,0,0,0,0,0,0,0,0,0,0,1,1
H4,H,A_pink,CRF,FL,U4,H4_A_pink,0,0,0,0,0,0,0,0,0,0,0,0,0
H4,H,A_aqua,CRF,FL,K2,H4_A_aqua,0,0,0,0,0,0,0,0,0,0,0,1,1
H4,H,A_gray,CRF,FL,U5,H4_A_gray,0,0,0,0,0,0,0,0,0,0,0,0,0
H4,H,B_red,CRF,FL,U67,H4_B_red,0,0,0,0,0,0,0,0,0,0,0,0,0
H4,H,B_yellow,CRF,FL,B10,H4_B_yellow,0,0,0,0,0,0,0,0,0,0,0,0,1
H4,H,B_green,CRF,FL,U3,H4_B_green,0,0,0,0,0,0,0,0,0,0,0,0,0
H4,H,B_purple,CRF,FL,U46,H4_B_purple,0,0,0,0,0,0,0,0,0,1,1,1,1
H4,H,B_navy,CRF,FL,KW15,H4_B_navy,0,0,0,0,0,0,0,0,0,0,0,0,0
H4,H,B_neon,CRF,FL,U42,H4_B_neon,0,0,0,0,1,1,1,1,1,1,1,1,1
H4,H,B_orange,CRF,FL,U44,H4_B_orange,0,0,0,0,0,0,0,0,0,0,1,1,1
H4,H,B_pink,CRF,FL,M10,H4_B_pink,0,0,0,0,0,0,0,0,0,0,0,0,0
H4,H,B_aqua,CRF,FL,U20,H4_B_aqua,0,0,0,0,0,0,0,0,0,0,0,1,1
H4,H,B_gray,CRF,FL,U69,H4_B_gray,0,0,0,0,0,0,0,0,0,0,0,0,1
H4,H,C_red,CRF,FL,U62,H4_C_red,0,0,0,0,0,0,0,0,0,0,0,0,0
H4,H,C_yellow,CRF,FL,U14,H4_C_yellow,0,0,0,0,0,0,0,0,0,0,0,0,0
H4,H,C_green,CRF,FL,U31,H4_C_green,0,0,0,0,0,0,0,0,0,0,0,0,0
H4,H,C_purple,CRF,FL,U32,H4_C_purple,0,0,0,0,0,0,0,0,0,0,0,0,0
H4,H,C_navy,CRF,FL,U11,H4_C_navy,0,0,0,0,0,0,0,0,0,0,0,0,0
H4,H,C_neon,CRF,FL,U35,H4_C_neon,0,0,0,0,0,0,0,0,0,0,0,0,1
H4,H,C_orange,CRF,FL,U37,H4_C_orange,0,0,0,0,0,0,0,0,0,0,0,0,0
H4,H,C_pink,CRF,FL,U9,H4_C_pink,0,0,0,0,0,0,0,0,0,0,0,0,0
H4,H,C_aqua,CRF,FL,U72,H4_C_aqua,0,0,0,0,0,0,0,0,0,0,0,0,0
H4,H,C_gray,CRF,FL,U75,H4_C_gray,0,0,0,0,0,0,0,0,0,0,0,0,0
H4,H,D_red,CRF,FL,M1,H4_D_red,0,0,0,0,1,1,1,1,1,1,1,1,1
H4,H,D_yellow,CRF,FL,U55,H4_D_yellow,0,0,0,0,0,0,0,0,0,0,0,0,0
H4,H,D_green,CRF,FL,K1,H4_D_green,0,0,0,0,0,0,0,0,0,0,0,0,0
H4,H,D_purple,CRF,FL,U19,H4_D_purple,0,0,0,0,0,0,0,0,0,0,0,0,0
H4,H,D_navy,CRF,FL,M2,H4_D_navy,0,0,0,0,0,0,0,0,0,0,0,0,0
H4,H,D_neon,CRF,FL,B8,H4_D_neon,0,0,0,0,0,0,0,0,0,0,0,0,0
H4,H,D_orange,CRF,FL,U39,H4_D_orange,0,0,0,0,0,0,0,0,0,0,0,0,0
H4,H,D_pink,CRF,FL,U98,H4_D_pink,0,0,0,0,0,0,0,0,0,0,0,0,0
H4,H,D_aqua,CRF,FL,U15,H4_D_aqua,0,0,0,0,0,0,0,0,0,0,0,0,0
H4,H,D_gray,CRF,FL,U17,H4_D_gray,0,0,0,0,0,0,0,0,0,0,0,0,0
H4,H,E_red,CRF,FL,U47,H4_E_red,0,0,0,0,0,0,0,0,0,0,0,0,0
H4,H,E_yellow,CRF,FL,U71,H4_E_yellow,0,0,0,0,0,0,0,0,0,0,0,0,0
H4,H,E_green,CRF,FL,U58,H4_E_green,0,0,0,0,0,0,0,0,0,0,1,1,1
H4,H,E_purple,CRF,FL,U65,H4_E_purple,0,0,0,0,0,0,0,0,0,0,0,0,0
H4,H,E_navy,CRF,FL,U59,H4_E_navy,0,0,0,0,0,0,0,0,0,0,0,0,0
H4,H,E_neon,CRF,FL,U33,H4_E_neon,0,0,0,0,0,0,0,0,0,0,0,0,0
H4,H,E_orange,CRF,FL,U100,H4_E_orange,0,0,0,0,0,0,0,0,0,0,0,1,1
H4,H,E_pink,CRF,FL,U63,H4_E_pink,0,0,0,0,0,0,0,0,0,0,0,0,0
H4,H,E_aqua,CRF,FL,U41,H4_E_aqua,0,0,0,0,0,0,0,0,0,0,0,0,0
H4,H,E_gray,CRF,FL,U43,H4_E_gray,0,0,0,0,0,0,0,0,0,0,0,0,0
H5,H,A_red,CRF,FL,U91,H5_A_red,0,0,0,0,0,0,0,0,0,0,0,0,0
H5,H,A_yellow,CRF,FL,U93,H5_A_yellow,0,0,0,0,0,0,0,0,0,0,0,1,1
H5,H,A_green,CRF,FL,M6,H5_A_green,0,0,0,0,0,0,0,0,0,0,0,1,1
H5,H,A_purple,CRF,FL,M5,H5_A_purple,0,0,0,0,0,0,0,0,0,0,0,0,0
H5,H,A_navy,CRF,FL,M7,H5_A_navy,0,0,0,0,0,0,0,0,0,0,0,1,1
H5,H,A_neon,CRF,FL,M3,H5_A_neon,0,0,0,0,0,0,0,0,0,0,0,0,0
H5,H,A_orange,CRF,FL,U8,H5_A_orange,0,0,0,0,0,0,0,0,0,0,0,0,1
H5,H,A_pink,CRF,FL,U4,H5_A_pink,0,0,0,0,0,0,0,0,0,0,0,0,0
H5,H,A_aqua,CRF,FL,K2,H5_A_aqua,0,0,0,0,0,0,0,0,0,0,0,1,1
H5,H,A_gray,CRF,FL,U5,H5_A_gray,0,0,0,0,0,0,0,0,0,0,0,0,0
H5,H,B_red,CRF,FL,U67,H5_B_red,0,0,0,0,0,0,0,0,0,0,0,0,0
H5,H,B_yellow,CRF,FL,B10,H5_B_yellow,0,0,0,0,0,0,0,0,0,0,0,0,1
H5,H,B_green,CRF,FL,U3,H5_B_green,0,0,0,0,0,0,0,0,0,0,0,0,1
H5,H,B_purple,CRF,FL,U46,H5_B_purple,0,0,0,0,0,0,0,0,0,0,0,0,0
H5,H,B_navy,CRF,FL,KW15,H5_B_navy,0,0,0,0,0,0,0,0,0,0,0,0,0
H5,H,B_neon,CRF,FL,U42,H5_B_neon,0,0,0,0,0,0,0,0,0,0,0,0,0
H5,H,B_orange,CRF,FL,U44,H5_B_orange,0,0,0,0,0,0,0,0,0,0,0,0,0
H5,H,B_pink,CRF,FL,M10,H5_B_pink,0,0,0,0,0,0,0,0,0,0,0,0,0
H5,H,B_aqua,CRF,FL,U20,H5_B_aqua,0,0,0,0,0,0,0,0,0,0,0,0,0
H5,H,B_gray,CRF,FL,U69,H5_B_gray,0,0,0,0,0,0,0,0,0,0,0,0,0
H5,H,C_red,CRF,FL,U62,H5_C_red,0,0,0,0,1,1,1,1,1,1,1,1,1
H5,H,C_yellow,CRF,FL,U14,H5_C_yellow,0,0,0,0,0,0,0,0,0,0,0,0,1
H5,H,C_green,CRF,FL,U31,H5_C_green,0,0,0,0,0,0,1,1,1,1,1,1,1
H5,H,C_purple,CRF,FL,U32,H5_C_purple,0,0,0,0,0,0,0,0,0,0,0,0,1
H5,H,C_navy,CRF,FL,U11,H5_C_navy,0,0,0,0,0,0,0,0,0,0,0,0,0
H5,H,C_neon,CRF,FL,U35,H5_C_neon,0,0,0,0,0,0,0,0,0,0,0,0,1
H5,H,C_orange,CRF,FL,U37,H5_C_orange,0,0,0,0,0,0,0,0,0,0,0,0,0
H5,H,C_pink,CRF,FL,U9,H5_C_pink,0,0,0,0,0,0,0,0,0,0,0,0,1
H5,H,C_aqua,CRF,FL,U72,H5_C_aqua,0,0,0,0,0,0,0,0,0,0,0,0,0
H5,H,C_gray,CRF,FL,U75,H5_C_gray,0,0,0,0,0,0,0,0,0,0,0,0,0
H5,H,D_red,CRF,FL,M1,H5_D_red,0,0,0,0,0,0,0,0,0,0,0,0,0
H5,H,D_yellow,CRF,FL,U55,H5_D_yellow,0,0,0,0,0,0,0,0,0,0,0,0,0
H5,H,D_green,CRF,FL,K1,H5_D_green,0,0,0,0,0,0,0,0,0,0,0,0,0
H5,H,D_purple,CRF,FL,U19,H5_D_purple,0,0,0,0,0,0,0,0,0,0,0,0,0
H5,H,D_navy,CRF,FL,M2,H5_D_navy,0,0,0,0,0,0,0,0,0,0,0,0,0
H5,H,D_neon,CRF,FL,B8,H5_D_neon,0,0,0,0,0,0,0,0,0,0,1,1,1
H5,H,D_orange,CRF,FL,U39,H5_D_orange,0,0,0,0,0,0,0,0,0,0,0,0,0
H5,H,D_pink,CRF,FL,U98,H5_D_pink,0,0,0,0,0,0,0,0,0,0,0,0,1
H5,H,D_aqua,CRF,FL,U15,H5_D_aqua,0,0,0,0,0,0,0,0,0,0,0,0,1
H5,H,D_gray,CRF,FL,U17,H5_D_gray,0,0,0,0,0,0,0,0,0,0,0,0,0
H5,H,E_red,CRF,FL,U47,H5_E_red,0,0,0,0,0,0,0,0,0,0,0,0,1
H5,H,E_yellow,CRF,FL,U71,H5_E_yellow,0,0,0,0,0,0,0,0,0,0,0,0,0
H5,H,E_green,CRF,FL,U58,H5_E_green,0,0,0,0,0,0,0,0,0,0,0,1,1
H5,H,E_purple,CRF,FL,U65,H5_E_purple,0,0,0,0,0,0,0,0,0,0,0,0,0
H5,H,E_navy,CRF,FL,U59,H5_E_navy,0,0,0,0,0,0,0,0,0,0,0,0,0
H5,H,E_neon,CRF,FL,U33,H5_E_neon,0,0,0,0,0,0,0,0,0,0,0,0,0
H5,H,E_orange,CRF,FL,U100,H5_E_orange,0,0,0,0,0,0,0,0,0,0,0,0,1
H5,H,E_pink,CRF,FL,U63,H5_E_pink,0,0,0,0,0,0,0,0,0,0,0,0,1
H5,H,E_aqua,CRF,FL,U41,H5_E_aqua,0,0,0,0,0,0,0,0,0,0,0,0,
H5,H,E_gray,CRF,FL,U43,H5_E_gray,0,0,0,0,0,0,0,0,0,0,0,0,
D1,D,A_red,CRF,FL,U91,D1_A_red,0,0,0,0,0,0,0,0,0,0,0,0,0
D1,D,A_yellow,CRF,FL,U93,D1_A_yellow,0,0,0,0,0,0,0,0,0,0,0,0,1
D1,D,A_green,CRF,FL,M6,D1_A_green,0,0,0,0,0,0,0,0,0,0,0,0,1
D1,D,A_purple,CRF,FL,M5,D1_A_purple,0,0,0,0,0,0,0,0,0,0,0,0,0
D1,D,A_navy,CRF,FL,M7,D1_A_navy,0,0,0,0,0,0,0,0,0,0,0,0,0
D1,D,A_neon,CRF,FL,M3,D1_A_neon,0,0,0,0,0,0,0,0,0,0,0,0,1
D1,D,A_orange,CRF,FL,U8,D1_A_orange,0,0,0,0,0,0,0,0,0,0,0,0,0
D1,D,A_pink,CRF,FL,U4,D1_A_pink,0,0,0,0,0,0,0,0,0,0,0,0,1
D1,D,A_aqua,CRF,FL,K2,D1_A_aqua,0,0,0,0,0,0,0,0,0,0,1,1,1
D1,D,A_gray,CRF,FL,U5,D1_A_gray,0,0,0,0,0,0,0,0,0,0,0,0,1
D1,D,B_red,CRF,FL,U67,D1_B_red,0,0,0,0,0,0,0,0,0,0,0,0,0
D1,D,B_yellow,CRF,FL,B10,D1_B_yellow,0,0,0,0,0,0,0,0,0,0,0,0,0
D1,D,B_green,CRF,FL,U3,D1_B_green,0,0,0,0,0,0,0,0,0,0,0,0,1
D1,D,B_purple,CRF,FL,U46,D1_B_purple,0,0,0,0,0,0,1,1,1,1,1,1,1
D1,D,B_navy,CRF,FL,KW15,D1_B_navy,0,0,0,0,0,0,0,0,0,0,0,0,0
D1,D,B_neon,CRF,FL,U42,D1_B_neon,0,0,0,0,0,0,0,0,0,0,0,0,1
D1,D,B_orange,CRF,FL,U44,D1_B_orange,0,0,0,0,0,0,0,0,0,0,0,0,0
D1,D,B_pink,CRF,FL,M10,D1_B_pink,0,0,0,0,0,0,0,0,0,0,0,0,1
D1,D,B_aqua,CRF,FL,U20,D1_B_aqua,0,0,0,0,0,0,0,0,0,0,0,0,0
D1,D,B_gray,CRF,FL,U69,D1_B_gray,0,0,0,0,0,0,0,0,0,0,0,0,0
D1,D,C_red,CRF,FL,U62,D1_C_red,0,0,0,0,0,0,0,0,0,0,0,0,0
D1,D,C_yellow,CRF,FL,U14,D1_C_yellow,0,0,0,0,0,0,0,0,0,0,0,0,0
D1,D,C_green,CRF,FL,U31,D1_C_green,0,0,0,0,0,0,0,0,0,0,0,0,0
D1,D,C_purple,CRF,FL,U32,D1_C_purple,0,0,0,0,0,0,0,0,0,0,0,0,0
D1,D,C_navy,CRF,FL,U11,D1_C_navy,0,0,0,0,0,0,0,0,0,0,0,0,0
D1,D,C_neon,CRF,FL,U35,D1_C_neon,0,0,0,0,0,0,0,0,0,0,0,0,1
D1,D,C_orange,CRF,FL,U37,D1_C_orange,0,0,0,0,0,0,0,0,0,0,0,0,0
D1,D,C_pink,CRF,FL,U9,D1_C_pink,0,0,0,0,0,0,0,0,0,0,0,0,0
D1,D,C_aqua,CRF,FL,U72,D1_C_aqua,0,0,0,0,0,0,0,0,0,0,0,0,0
D1,D,C_gray,CRF,FL,U75,D1_C_gray,0,0,0,0,0,0,0,0,0,0,0,0,0
D1,D,D_red,CRF,FL,M1,D1_D_red,0,0,0,0,1,1,1,1,1,1,1,1,1
D1,D,D_yellow,CRF,FL,U55,D1_D_yellow,0,0,0,0,0,0,0,0,0,0,1,1,1
D1,D,D_green,CRF,FL,K1,D1_D_green,0,0,0,0,0,0,0,0,0,0,0,0,0
D1,D,D_purple,CRF,FL,U19,D1_D_purple,0,0,0,0,0,0,0,0,0,0,1,1,1
D1,D,D_navy,CRF,FL,M2,D1_D_navy,0,0,0,0,0,0,0,0,0,0,1,1,1
D1,D,D_neon,CRF,FL,B8,D1_D_neon,0,0,0,0,0,0,1,1,1,1,1,1,1
D1,D,D_orange,CRF,FL,U39,D1_D_orange,0,0,0,0,0,0,0,0,1,1,1,1,1
D1,D,D_pink,CRF,FL,U98,D1_D_pink,0,0,0,0,0,0,0,0,1,1,1,1,1
D1,D,D_aqua,CRF,FL,U15,D1_D_aqua,0,0,0,0,0,0,0,0,0,0,0,0,1
D1,D,D_gray,CRF,FL,U17,D1_D_gray,0,0,0,0,0,0,0,0,1,1,1,1,1
D1,D,E_red,CRF,FL,U47,D1_E_red,0,0,0,0,0,0,0,0,0,0,0,0,1
D1,D,E_yellow,CRF,FL,U71,D1_E_yellow,0,0,0,0,0,0,0,0,0,0,0,0,0
D1,D,E_green,CRF,FL,U58,D1_E_green,0,0,0,0,1,1,1,1,1,1,1,1,1
D1,D,E_purple,CRF,FL,U65,D1_E_purple,0,0,0,0,0,0,0,0,0,0,0,0,1
D1,D,E_navy,CRF,FL,U59,D1_E_navy,0,0,0,0,0,0,1,1,1,1,1,1,1
D1,D,E_neon,CRF,FL,U33,D1_E_neon,0,0,0,0,0,0,1,1,1,1,1,1,1
D1,D,E_orange,CRF,FL,U100,D1_E_orange,0,0,0,0,0,0,0,0,0,0,0,0,0
D1,D,E_pink,CRF,FL,U63,D1_E_pink,0,0,0,0,0,0,0,0,0,0,0,0,0
D1,D,E_aqua,CRF,FL,U41,D1_E_aqua,0,0,0,0,0,0,0,0,0,0,0,0,0
D1,D,E_gray,CRF,FL,U43,D1_E_gray,0,0,0,0,0,0,0,0,0,0,0,0,0
D2,D,A_red,CRF,FL,U91,D2_A_red,0,0,0,0,0,0,0,0,0,0,0,0,1
D2,D,A_yellow,CRF,FL,U93,D2_A_yellow,0,0,0,0,0,0,0,0,0,0,0,0,0
D2,D,A_green,CRF,FL,M6,D2_A_green,0,0,0,0,0,0,0,0,0,0,0,0,1
D2,D,A_purple,CRF,FL,M5,D2_A_purple,0,0,0,0,0,0,0,0,0,0,0,0,0
D2,D,A_navy,CRF,FL,M7,D2_A_navy,0,0,0,0,0,0,0,0,0,0,0,0,1
D2,D,A_neon,CRF,FL,M3,D2_A_neon,0,0,0,0,0,0,0,0,0,0,0,0,0
D2,D,A_orange,CRF,FL,U8,D2_A_orange,0,0,0,0,0,0,0,0,1,1,1,1,1
D2,D,A_pink,CRF,FL,U4,D2_A_pink,0,0,0,0,0,0,0,0,0,0,0,0,0
D2,D,A_aqua,CRF,FL,K2,D2_A_aqua,0,0,0,0,0,0,0,0,0,0,0,0,0
D2,D,A_gray,CRF,FL,U5,D2_A_gray,0,0,0,0,0,0,0,0,0,0,0,0,0
D2,D,B_red,CRF,FL,U67,D2_B_red,0,0,0,0,0,0,0,0,0,0,0,0,0
D2,D,B_yellow,CRF,FL,B10,D2_B_yellow,0,0,0,0,0,0,0,0,0,0,0,0,0
D2,D,B_green,CRF,FL,U3,D2_B_green,0,0,0,0,0,0,0,0,0,0,0,0,0
D2,D,B_purple,CRF,FL,U46,D2_B_purple,0,0,0,0,0,0,0,0,0,0,1,1,1
D2,D,B_navy,CRF,FL,KW15,D2_B_navy,0,0,0,0,0,0,0,0,0,0,0,0,0
D2,D,B_neon,CRF,FL,U42,D2_B_neon,0,0,0,0,0,0,0,0,0,0,0,0,0
D2,D,B_orange,CRF,FL,U44,D2_B_orange,0,0,0,0,0,0,0,0,0,0,0,0,0
D2,D,B_pink,CRF,FL,M10,D2_B_pink,0,0,0,0,0,0,0,1,1,1,1,1,1
D2,D,B_aqua,CRF,FL,U20,D2_B_aqua,0,0,0,0,0,0,0,0,0,0,0,0,0
D2,D,B_gray,CRF,FL,U69,D2_B_gray,0,0,0,0,0,0,0,0,0,0,0,0,1
D2,D,C_red,CRF,FL,U62,D2_C_red,0,0,0,0,0,0,0,0,0,0,0,0,1
D2,D,C_yellow,CRF,FL,U14,D2_C_yellow,0,0,0,0,0,0,0,0,1,1,1,1,1
D2,D,C_green,CRF,FL,U31,D2_C_green,0,0,0,0,0,0,0,0,1,1,1,1,1
D2,D,C_purple,CRF,FL,U32,D2_C_purple,0,0,0,0,0,0,0,0,0,0,0,0,0
D2,D,C_navy,CRF,FL,U11,D2_C_navy,0,0,0,0,0,0,0,0,0,1,1,1,1
D2,D,C_neon,CRF,FL,U35,D2_C_neon,0,0,0,0,0,0,0,0,0,0,0,0,0
D2,D,C_orange,CRF,FL,U37,D2_C_orange,0,0,0,0,0,0,0,0,0,0,0,0,0
D2,D,C_pink,CRF,FL,U9,D2_C_pink,0,0,0,0,0,0,0,0,0,0,0,0,0
D2,D,C_aqua,CRF,FL,U72,D2_C_aqua,0,0,0,0,0,0,0,0,0,0,0,0,0
D2,D,C_gray,CRF,FL,U75,D2_C_gray,0,0,0,0,0,0,0,0,0,0,0,0,1
D2,D,D_red,CRF,FL,M1,D2_D_red,0,0,0,0,0,0,0,1,1,1,1,1,1
D2,D,D_yellow,CRF,FL,U55,D2_D_yellow,0,0,0,0,0,0,0,0,0,0,0,0,0
D2,D,D_green,CRF,FL,K1,D2_D_green,0,0,0,0,0,0,0,0,0,0,0,0,0
D2,D,D_purple,CRF,FL,U19,D2_D_purple,0,0,0,0,0,0,0,0,0,0,0,0,0
D2,D,D_navy,CRF,FL,M2,D2_D_navy,0,0,0,0,0,0,0,0,0,0,0,0,0
D2,D,D_neon,CRF,FL,B8,D2_D_neon,0,0,0,0,0,0,0,0,0,0,0,0,0
D2,D,D_orange,CRF,FL,U39,D2_D_orange,0,0,0,0,0,0,0,0,0,0,0,0,0
D2,D,D_pink,CRF,FL,U98,D2_D_pink,0,0,0,0,0,0,0,0,0,0,0,0,0
D2,D,D_aqua,CRF,FL,U15,D2_D_aqua,0,0,0,0,0,0,0,0,0,0,0,0,1
D2,D,D_gray,CRF,FL,U17,D2_D_gray,0,0,0,0,0,0,0,0,0,0,0,0,0
D2,D,E_red,CRF,FL,U47,D2_E_red,0,0,0,0,0,0,0,0,0,0,0,0,0
D2,D,E_yellow,CRF,FL,U71,D2_E_yellow,0,0,0,0,0,0,0,0,0,0,0,0,0
D2,D,E_green,CRF,FL,U58,D2_E_green,0,0,0,0,0,0,0,0,0,0,1,1,1
D2,D,E_purple,CRF,FL,U65,D2_E_purple,0,0,0,0,0,0,0,0,0,0,0,0,1
D2,D,E_navy,CRF,FL,U59,D2_E_navy,0,0,0,0,0,0,0,0,0,0,0,0,0
D2,D,E_neon,CRF,FL,U33,D2_E_neon,0,0,0,0,0,0,0,0,0,0,0,0,1
D2,D,E_orange,CRF,FL,U100,D2_E_orange,0,0,0,0,0,0,0,0,0,0,0,0,1
D2,D,E_pink,CRF,FL,U63,D2_E_pink,0,0,0,0,0,0,0,0,0,0,0,0,0
D2,D,E_aqua,CRF,FL,U41,D2_E_aqua,0,0,0,0,0,0,0,0,0,0,0,0,0
D2,D,E_gray,CRF,FL,U43,D2_E_gray,0,0,0,0,0,0,0,0,0,0,0,0,1
D3,D,A_red,CRF,FL,U91,D3_A_red,0,0,0,0,0,0,0,0,0,0,0,0,0
D3,D,A_yellow,CRF,FL,U93,D3_A_yellow,0,0,0,0,0,0,0,0,0,0,0,0,1
D3,D,A_green,CRF,FL,M6,D3_A_green,0,0,0,0,0,0,0,0,0,0,0,0,1
D3,D,A_purple,CRF,FL,M5,D3_A_purple,0,0,0,0,0,0,0,0,0,0,0,0,0
D3,D,A_navy,CRF,FL,M7,D3_A_navy,0,0,0,0,0,0,0,0,0,0,0,0,1
D3,D,A_neon,CRF,FL,M3,D3_A_neon,0,0,0,0,0,0,0,0,0,0,1,1,1
D3,D,A_orange,CRF,FL,U8,D3_A_orange,0,0,0,0,0,0,0,0,1,1,1,1,1
D3,D,A_pink,CRF,FL,U4,D3_A_pink,0,0,0,0,0,0,0,0,0,0,0,0,1
D3,D,A_aqua,CRF,FL,K2,D3_A_aqua,0,0,0,0,0,0,0,0,0,0,0,0,1
D3,D,A_gray,CRF,FL,U5,D3_A_gray,0,0,0,0,0,0,0,0,0,0,0,0,1
D3,D,B_red,CRF,FL,U67,D3_B_red,0,0,0,0,0,0,0,0,0,0,0,0,0
D3,D,B_yellow,CRF,FL,B10,D3_B_yellow,0,0,0,0,0,0,0,0,0,0,0,0,1
D3,D,B_green,CRF,FL,U3,D3_B_green,0,0,0,0,0,0,0,0,0,0,0,0,0
D3,D,B_purple,CRF,FL,U46,D3_B_purple,0,0,0,0,0,0,0,0,0,0,0,0,1
D3,D,B_navy,CRF,FL,KW15,D3_B_navy,0,0,0,0,0,0,0,0,0,0,0,0,0
D3,D,B_neon,CRF,FL,U42,D3_B_neon,0,0,0,0,0,0,0,0,0,0,1,1,1
D3,D,B_orange,CRF,FL,U44,D3_B_orange,0,0,0,0,0,0,0,0,0,0,0,0,0
D3,D,B_pink,CRF,FL,M10,D3_B_pink,0,0,0,0,0,0,0,0,0,0,0,0,1
D3,D,B_aqua,CRF,FL,U20,D3_B_aqua,0,0,0,0,0,0,0,0,0,0,0,0,0
D3,D,B_gray,CRF,FL,U69,D3_B_gray,0,0,0,0,0,0,0,0,0,0,0,0,0
D3,D,C_red,CRF,FL,U62,D3_C_red,0,0,0,0,0,0,0,0,0,0,0,0,0
D3,D,C_yellow,CRF,FL,U14,D3_C_yellow,0,0,0,0,0,0,0,0,0,0,0,0,0
D3,D,C_green,CRF,FL,U31,D3_C_green,0,0,0,0,0,0,0,0,0,0,0,0,1
D3,D,C_purple,CRF,FL,U32,D3_C_purple,0,0,0,0,0,0,0,0,0,0,0,0,1
D3,D,C_navy,CRF,FL,U11,D3_C_navy,0,0,0,0,0,0,0,0,0,0,0,0,0
D3,D,C_neon,CRF,FL,U35,D3_C_neon,0,0,0,0,0,0,0,0,0,0,0,0,0
D3,D,C_orange,CRF,FL,U37,D3_C_orange,0,0,0,0,0,0,0,0,0,0,0,0,0
D3,D,C_pink,CRF,FL,U9,D3_C_pink,0,0,0,0,0,0,0,0,0,0,0,0,0
D3,D,C_aqua,CRF,FL,U72,D3_C_aqua,0,0,0,0,0,0,0,0,0,0,0,0,0
D3,D,C_gray,CRF,FL,U75,D3_C_gray,0,0,0,0,0,0,0,0,0,0,0,0,0
D3,D,D_red,CRF,FL,M1,D3_D_red,0,0,0,0,0,0,0,0,0,0,1,1,1
D3,D,D_yellow,CRF,FL,U55,D3_D_yellow,0,0,0,0,0,0,0,0,0,0,0,0,0
D3,D,D_green,CRF,FL,K1,D3_D_green,0,0,0,0,0,0,0,0,0,0,0,0,0
D3,D,D_purple,CRF,FL,U19,D3_D_purple,0,0,0,0,0,0,0,0,0,0,0,0,0
D3,D,D_navy,CRF,FL,M2,D3_D_navy,0,0,0,0,0,0,0,0,0,0,0,0,0
D3,D,D_neon,CRF,FL,B8,D3_D_neon,0,0,0,0,0,0,0,0,0,0,0,0,0
D3,D,D_orange,CRF,FL,U39,D3_D_orange,0,0,0,0,0,0,0,0,0,0,0,0,0
D3,D,D_pink,CRF,FL,U98,D3_D_pink,0,0,0,0,0,0,0,0,0,0,0,0,1
D3,D,D_aqua,CRF,FL,U15,D3_D_aqua,0,0,0,0,0,0,0,0,0,0,0,0,0
D3,D,D_gray,CRF,FL,U17,D3_D_gray,0,0,0,0,0,0,0,0,0,0,0,0,0
D3,D,E_red,CRF,FL,U47,D3_E_red,0,0,0,0,0,0,0,0,1,1,1,1,1
D3,D,E_yellow,CRF,FL,U71,D3_E_yellow,0,0,0,0,0,0,0,0,0,0,0,0,0
D3,D,E_green,CRF,FL,U58,D3_E_green,0,0,0,0,0,0,0,0,0,0,0,0,0
D3,D,E_purple,CRF,FL,U65,D3_E_purple,0,0,0,0,0,0,1,1,1,1,1,1,1
D3,D,E_navy,CRF,FL,U59,D3_E_navy,0,0,0,0,0,0,0,0,0,0,1,1,1
D3,D,E_neon,CRF,FL,U33,D3_E_neon,0,0,0,0,0,0,0,0,0,0,0,0,0
D3,D,E_orange,CRF,FL,U100,D3_E_orange,0,0,0,0,0,0,0,0,0,0,0,0,0
D3,D,E_pink,CRF,FL,U63,D3_E_pink,0,0,0,0,0,0,0,0,0,0,0,0,0
D3,D,E_aqua,CRF,FL,U41,D3_E_aqua,0,0,0,0,0,0,0,0,0,0,0,0,0
D3,D,E_gray,CRF,FL,U43,D3_E_gray,0,0,0,0,0,0,0,0,0,0,0,0,0
D4,D,A_red,CRF,FL,U91,D4_A_red,0,0,0,0,0,0,0,0,0,0,1,1,1
D4,D,A_yellow,CRF,FL,U93,D4_A_yellow,0,0,0,0,0,0,0,0,0,0,0,0,0
D4,D,A_green,CRF,FL,M6,D4_A_green,0,0,0,0,0,0,0,0,0,0,0,0,0
D4,D,A_purple,CRF,FL,M5,D4_A_purple,0,0,0,0,0,0,0,0,0,0,0,0,0
D4,D,A_navy,CRF,FL,M7,D4_A_navy,0,0,0,0,0,0,0,0,0,0,0,0,0
D4,D,A_neon,CRF,FL,M3,D4_A_neon,0,0,0,0,0,0,0,0,0,0,0,0,0
D4,D,A_orange,CRF,FL,U8,D4_A_orange,0,0,0,0,0,0,0,0,0,0,0,0,0
D4,D,A_pink,CRF,FL,U4,D4_A_pink,0,0,0,0,0,0,0,0,0,0,0,0,0
D4,D,A_aqua,CRF,FL,K2,D4_A_aqua,0,0,0,0,0,0,0,0,0,0,0,0,0
D4,D,A_gray,CRF,FL,U5,D4_A_gray,0,0,0,0,0,0,0,0,0,0,0,0,0
D4,D,B_red,CRF,FL,U67,D4_B_red,0,0,0,0,0,0,0,0,0,0,0,0,0
D4,D,B_yellow,CRF,FL,B10,D4_B_yellow,0,0,0,0,0,0,0,0,0,0,0,0,1
D4,D,B_green,CRF,FL,U3,D4_B_green,0,0,0,0,0,0,0,0,0,0,1,1,1
D4,D,B_purple,CRF,FL,U46,D4_B_purple,0,0,0,0,0,0,0,0,0,0,0,0,1
D4,D,B_navy,CRF,FL,KW15,D4_B_navy,0,0,0,0,0,0,0,0,0,0,0,0,1
D4,D,B_neon,CRF,FL,U42,D4_B_neon,0,0,0,0,0,0,0,0,0,0,0,0,1
D4,D,B_orange,CRF,FL,U44,D4_B_orange,0,0,0,0,1,1,1,1,1,1,1,1,1
D4,D,B_pink,CRF,FL,M10,D4_B_pink,0,0,0,0,0,0,0,0,0,0,0,0,0
D4,D,B_aqua,CRF,FL,U20,D4_B_aqua,0,0,0,0,0,0,0,0,0,0,0,0,0
D4,D,B_gray,CRF,FL,U69,D4_B_gray,0,0,0,0,0,0,0,0,0,0,0,0,0
D4,D,C_red,CRF,FL,U62,D4_C_red,0,0,0,0,0,0,0,0,0,0,0,1,1
D4,D,C_yellow,CRF,FL,U14,D4_C_yellow,0,0,0,0,0,0,0,0,0,0,0,0,1
D4,D,C_green,CRF,FL,U31,D4_C_green,0,0,0,0,0,0,0,0,0,0,0,1,1
D4,D,C_purple,CRF,FL,U32,D4_C_purple,0,0,0,0,0,0,0,0,0,0,0,0,0
D4,D,C_navy,CRF,FL,U11,D4_C_navy,0,0,0,0,0,0,0,0,0,0,0,0,0
D4,D,C_neon,CRF,FL,U35,D4_C_neon,0,0,0,0,0,0,0,0,0,0,0,0,1
D4,D,C_orange,CRF,FL,U37,D4_C_orange,0,0,0,0,0,0,0,0,0,0,0,0,0
D4,D,C_pink,CRF,FL,U9,D4_C_pink,0,0,0,0,0,0,0,0,0,0,0,0,1
D4,D,C_aqua,CRF,FL,U72,D4_C_aqua,0,0,0,0,0,0,0,0,0,0,0,0,0
D4,D,C_gray,CRF,FL,U75,D4_C_gray,0,0,0,0,0,0,0,0,0,0,0,0,1
D4,D,D_red,CRF,FL,M1,D4_D_red,0,1,1,1,1,1,1,1,1,1,1,1,1
D4,D,D_yellow,CRF,FL,U55,D4_D_yellow,0,0,0,0,0,0,0,0,0,0,0,0,0
D4,D,D_green,CRF,FL,K1,D4_D_green,0,0,0,0,0,0,0,0,0,0,0,0,0
D4,D,D_purple,CRF,FL,U19,D4_D_purple,0,0,0,0,0,0,0,0,0,0,0,0,0
D4,D,D_navy,CRF,FL,M2,D4_D_navy,0,0,0,0,0,0,0,0,0,0,0,0,0
D4,D,D_neon,CRF,FL,B8,D4_D_neon,0,0,0,0,0,0,0,0,0,0,0,0,0
D4,D,D_orange,CRF,FL,U39,D4_D_orange,0,0,0,0,0,0,0,0,0,0,0,0,0
D4,D,D_pink,CRF,FL,U98,D4_D_pink,0,0,0,0,0,0,0,0,0,0,0,0,0
D4,D,D_aqua,CRF,FL,U15,D4_D_aqua,0,0,0,0,0,0,0,0,0,0,0,0,0
D4,D,D_gray,CRF,FL,U17,D4_D_gray,0,0,0,0,0,0,0,0,0,0,0,0,0
D4,D,E_red,CRF,FL,U47,D4_E_red,0,0,0,0,0,0,0,0,1,1,1,1,1
D4,D,E_yellow,CRF,FL,U71,D4_E_yellow,0,0,0,0,0,0,0,0,0,0,0,0,0
D4,D,E_green,CRF,FL,U58,D4_E_green,0,0,0,0,1,1,1,1,1,1,1,1,1
D4,D,E_purple,CRF,FL,U65,D4_E_purple,0,0,0,0,0,0,0,0,0,0,0,0,1
D4,D,E_navy,CRF,FL,U59,D4_E_navy,0,0,0,0,0,0,0,1,1,1,1,1,1
D4,D,E_neon,CRF,FL,U33,D4_E_neon,0,0,0,0,0,0,0,0,0,0,0,0,0
D4,D,E_orange,CRF,FL,U100,D4_E_orange,0,0,0,0,0,0,0,0,0,0,0,0,1
D4,D,E_pink,CRF,FL,U63,D4_E_pink,0,0,0,0,0,0,0,0,0,0,0,0,1
D4,D,E_aqua,CRF,FL,U41,D4_E_aqua,0,0,0,0,0,0,0,0,0,0,0,0,0
D4,D,E_gray,CRF,FL,U43,D4_E_gray,0,0,0,0,0,0,0,0,0,0,0,0,1
D5,D,A_red,CRF,FL,U91,D5_A_red,0,0,0,0,0,0,0,0,0,0,1,1,1
D5,D,A_yellow,CRF,FL,U93,D5_A_yellow,0,0,0,0,0,0,0,1,1,1,1,1,1
D5,D,A_green,CRF,FL,M6,D5_A_green,0,0,0,0,0,0,0,0,1,1,1,1,1
D5,D,A_purple,CRF,FL,M5,D5_A_purple,0,0,0,0,0,0,0,0,0,0,0,0,1
D5,D,A_navy,CRF,FL,M7,D5_A_navy,0,0,0,0,0,0,1,1,1,1,1,1,1
D5,D,A_neon,CRF,FL,M3,D5_A_neon,0,0,0,0,0,0,0,1,1,1,1,1,1
D5,D,A_orange,CRF,FL,U8,D5_A_orange,0,0,0,0,0,0,0,0,0,0,0,1,1
D5,D,A_pink,CRF,FL,U4,D5_A_pink,0,0,0,0,0,0,0,1,1,1,1,1,1
D5,D,A_aqua,CRF,FL,K2,D5_A_aqua,0,0,0,0,0,0,0,0,0,0,0,0,1
D5,D,A_gray,CRF,FL,U5,D5_A_gray,0,0,0,0,0,0,0,0,1,1,1,1,1
D5,D,B_red,CRF,FL,U67,D5_B_red,0,0,0,0,0,0,0,0,1,1,1,1,1
D5,D,B_yellow,CRF,FL,B10,D5_B_yellow,0,0,0,0,0,0,0,0,0,0,1,1,1
D5,D,B_green,CRF,FL,U3,D5_B_green,0,0,0,0,0,0,0,0,0,0,0,0,1
D5,D,B_purple,CRF,FL,U46,D5_B_purple,0,0,0,0,0,0,0,0,1,1,1,1,1
D5,D,B_navy,CRF,FL,KW15,D5_B_navy,0,0,0,0,0,0,0,0,0,0,0,0,1
D5,D,B_neon,CRF,FL,U42,D5_B_neon,0,0,0,0,0,0,0,1,1,1,1,1,1
D5,D,B_orange,CRF,FL,U44,D5_B_orange,0,0,0,0,0,0,0,0,1,1,1,1,1
D5,D,B_pink,CRF,FL,M10,D5_B_pink,0,0,0,0,0,0,0,1,1,1,1,1,1
D5,D,B_aqua,CRF,FL,U20,D5_B_aqua,0,0,0,0,0,0,0,0,1,1,1,1,1
D5,D,B_gray,CRF,FL,U69,D5_B_gray,0,0,0,0,0,0,0,0,1,1,1,1,1
D5,D,C_red,CRF,FL,U62,D5_C_red,0,0,0,0,0,0,0,0,0,0,0,0,0
D5,D,C_yellow,CRF,FL,U14,D5_C_yellow,0,0,0,0,0,0,1,1,1,1,1,1,1
D5,D,C_green,CRF,FL,U31,D5_C_green,0,0,0,0,0,0,0,0,1,1,1,1,1
D5,D,C_purple,CRF,FL,U32,D5_C_purple,0,0,0,0,0,0,0,0,0,0,0,0,1
D5,D,C_navy,CRF,FL,U11,D5_C_navy,0,0,0,0,0,0,0,0,0,0,0,0,1
D5,D,C_neon,CRF,FL,U35,D5_C_neon,0,0,0,0,0,0,0,0,1,1,1,1,1
D5,D,C_orange,CRF,FL,U37,D5_C_orange,0,0,0,0,0,0,0,0,0,0,0,0,1
D5,D,C_pink,CRF,FL,U9,D5_C_pink,0,0,0,0,0,0,0,0,0,0,0,0,1
D5,D,C_aqua,CRF,FL,U72,D5_C_aqua,0,0,0,0,0,0,0,0,0,0,1,1,1
D5,D,C_gray,CRF,FL,U75,D5_C_gray,0,0,0,0,0,0,0,1,1,1,1,1,1
D5,D,D_red,CRF,FL,M1,D5_D_red,0,0,0,0,1,1,1,1,1,1,1,1,1
D5,D,D_yellow,CRF,FL,U55,D5_D_yellow,0,0,0,0,0,0,0,0,0,0,1,1,1
D5,D,D_green,CRF,FL,K1,D5_D_green,0,0,0,0,0,0,0,0,0,0,0,0,1
D5,D,D_purple,CRF,FL,U19,D5_D_purple,0,0,0,0,0,0,0,0,0,0,0,0,1
D5,D,D_navy,CRF,FL,M2,D5_D_navy,0,0,0,0,0,0,0,0,1,1,1,1,1
D5,D,D_neon,CRF,FL,B8,D5_D_neon,0,0,0,0,0,0,0,0,1,1,1,1,1
D5,D,D_orange,CRF,FL,U39,D5_D_orange,0,0,0,0,1,1,1,1,1,1,1,1,1
D5,D,D_pink,CRF,FL,U98,D5_D_pink,0,0,0,0,1,1,1,1,1,1,1,1,1
D5,D,D_aqua,CRF,FL,U15,D5_D_aqua,0,0,0,0,0,0,0,0,1,1,1,1,1
D5,D,D_gray,CRF,FL,U17,D5_D_gray,0,0,0,0,0,0,0,0,1,1,1,1,1
D5,D,E_red,CRF,FL,U47,D5_E_red,0,0,0,0,0,0,0,0,0,0,0,0,1
D5,D,E_yellow,CRF,FL,U71,D5_E_yellow,0,0,0,0,0,0,0,0,0,0,0,0,1
D5,D,E_green,CRF,FL,U58,D5_E_green,0,0,0,0,0,0,0,0,1,1,1,1,1
D5,D,E_purple,CRF,FL,U65,D5_E_purple,0,0,0,0,0,0,0,0,0,0,1,1,1
D5,D,E_navy,CRF,FL,U59,D5_E_navy,0,0,0,0,0,0,0,0,1,1,1,1,1
D5,D,E_neon,CRF,FL,U33,D5_E_neon,0,0,0,0,1,1,1,1,1,1,1,1,1
D5,D,E_orange,CRF,FL,U100,D5_E_orange,0,0,0,0,0,0,0,1,1,1,1,1,1
D5,D,E_pink,CRF,FL,U63,D5_E_pink,0,0,0,0,0,0,0,0,1,1,1,1,1
D5,D,E_aqua,CRF,FL,U41,D5_E_aqua,0,0,0,0,0,0,0,0,1,1,1,1,1
D5,D,E_gray,CRF,FL,U43,D5_E_gray,0,0,0,0,1,1,1,1,1,1,1,1,1
Tank,Treatment,Genotype_Code,Site,Location,Genotype,Sample,1,1.5,2,2.5,3,3.5,4,4.5,5,,,,
H1,H,A_red,Holyshit,PA,Holyshit_101_1,H1_A_red,0,0,0,1,1,1,1,1,1,,,,
H1,H,A_yellow,Holyshit,PA,Holyshit_102_2,H1_A_yellow,0,0,1,1,1,1,1,1,1,,,,
H1,H,A_green,Holyshit,PA,Holyshit_103_3,H1_A_green,0,0,0,1,1,1,1,1,1,,,,
H1,H,A_purple,Holyshit,PA,Holyshit_104_4,H1_A_purple,0,0,1,1,1,1,1,1,1,,,,
H1,H,A_black,Holyshit,PA,Holyshit_105_5,H1_A_black,0,0,1,1,1,1,1,1,1,,,,
H1,H,A_white,Holyshit,PA,Holyshit_106_6,H1_A_white,0,0,1,1,1,1,1,1,1,,,,
H1,H,A_orange,Holyshit,PA,Holyshit_107_7,H1_A_orange,0,0,0,1,1,1,1,1,1,,,,
H1,H,A_pink,Holyshit,PA,Holyshit_108_8,H1_A_pink,0,0,0,1,1,1,1,1,1,,,,
H1,H,A_blue,Holyshit,PA,Holyshit_109_9,H1_A_blue,0,0,0,1,1,1,1,1,1,,,,
H1,H,A_gray,Holyshit,PA,Holyshit_110_10,H1_A_gray,0,0,0,1,1,1,1,1,1,,,,
H1,H,B_red,CK4,PA,CK4_111_1,H1_B_red,0,0,1,1,1,1,1,1,1,,,,
H1,H,B_yellow,CK4,PA,CK4_112_2,H1_B_yellow,0,0,0,1,1,1,1,1,1,,,,
H1,H,B_green,CK4,PA,CK4_113_3,H1_B_green,0,0,1,1,1,1,1,1,1,,,,
H1,H,B_purple,CK4,PA,CK4_114_4,H1_B_purple,0,0,1,1,1,1,1,1,1,,,,
H1,H,B_black,CK4,PA,CK4_115_5,H1_B_black,0,0,1,1,1,1,1,1,1,,,,
H1,H,B_white,CK4,PA,CK4_116_6,H1_B_white,0,0,0,1,1,1,1,1,1,,,,
H1,H,B_orange,CK4,PA,CK4_117_7,H1_B_orange,0,0,0,1,1,1,1,1,1,,,,
H1,H,B_pink,CK4,PA,CK4_118_8,H1_B_pink,0,0,1,1,1,1,1,1,1,,,,
H1,H,B_blue,CK4,PA,CK4_119_9,H1_B_blue,0,0,1,1,1,1,1,1,1,,,,
H1,H,B_gray,CK4,PA,CK4_120_10,H1_B_gray,0,0,1,1,1,1,1,1,1,,,,
H1,H,C_red,CK14,PA,CK14_121_1,H1_C_red,0,0,0,1,1,1,1,1,1,,,,
H1,H,C_yellow,CK14,PA,CK14_122_2,H1_C_yellow,0,0,1,1,1,1,1,1,1,,,,
H1,H,C_green,CK14,PA,CK14_123_3,H1_C_green,0,0,0,1,1,1,1,1,1,,,,
H1,H,C_purple,CK14,PA,CK14_124_4,H1_C_purple,0,0,1,1,1,1,1,1,1,,,,
H1,H,C_black,CK14,PA,CK14_125_5,H1_C_black,0,0,0,1,1,1,1,1,1,,,,
H1,H,C_white,CK14,PA,CK14_126_6,H1_C_white,0,0,0,1,1,1,1,1,1,,,,
H1,H,C_orange,CK14,PA,CK14_127_7,H1_C_orange,0,0,1,1,1,1,1,1,1,,,,
H1,H,C_pink,CK14,PA,CK14_128_8,H1_C_pink,0,0,1,1,1,1,1,1,1,,,,
H1,H,C_blue,CK14,PA,CK14_129_9,H1_C_blue,0,0,1,1,1,1,1,1,1,,,,
H1,H,C_gray,CK14,PA,CK14_130_10,H1_C_gray,0,0,0,1,1,1,1,1,1,,,,
H1,H,D_red,Tetas,PA,Tetas_141_1,H1_D_red,0,0,1,1,1,1,1,1,1,,,,
H1,H,D_yellow,Tetas,PA,Tetas_142_2,H1_D_yellow,0,0,1,1,1,1,1,1,1,,,,
H1,H,D_green,Tetas,PA,Tetas_143_3,H1_D_green,0,0,1,1,1,1,1,1,1,,,,
H1,H,D_purple,Tetas,PA,Tetas_144_4,H1_D_purple,0,0,1,1,1,1,1,1,1,,,,
H1,H,D_black,Tetas,PA,Tetas_145_5,H1_D_black,0,0,0,1,1,1,1,1,1,,,,
H1,H,D_white,Tetas,PA,Tetas_146_6,H1_D_white,0,0,1,1,1,1,1,1,1,,,,
H1,H,D_orange,Tetas,PA,Tetas_147_7,H1_D_orange,0,0,1,1,1,1,1,1,1,,,,
H1,H,D_pink,Tetas,PA,Tetas_148_8,H1_D_pink,0,0,1,1,1,1,1,1,1,,,,
H1,H,D_blue,Tetas,PA,Tetas_149_9,H1_D_blue,0,0,1,1,1,1,1,1,1,,,,
H1,H,D_gray,Tetas,PA,Tetas_150_10,H1_D_gray,0,0,1,1,1,1,1,1,1,,,,
H1,H,E_red,Sebastian,PA,Sebastian_131_1,H1_E_red,0,0,1,1,1,1,1,1,1,,,,
H1,H,E_yellow,Sebastian,PA,Sebastian_132_2,H1_E_yellow,0,1,1,1,1,1,1,1,1,,,,
H1,H,E_green,Sebastian,PA,Sebastian_133_3,H1_E_green,0,1,1,1,1,1,1,1,1,,,,
H1,H,E_purple,Sebastian,PA,Sebastian_134_4,H1_E_purple,0,1,1,1,1,1,1,1,1,,,,
H1,H,E_black,Sebastian,PA,Sebastian_135_5,H1_E_black,0,0,1,1,1,1,1,1,1,,,,
H1,H,E_white,Sebastian,PA,Sebastian_136_6,H1_E_white,0,0,1,1,1,1,1,1,1,,,,
H1,H,E_orange,Sebastian,PA,Sebastian_137_7,H1_E_orange,0,1,1,1,1,1,1,1,1,,,,
H1,H,E_pink,Sebastian,PA,Sebastian_138_8,H1_E_pink,0,1,1,1,1,1,1,1,1,,,,
H1,H,E_blue,Sebastian,PA,Sebastian_139_9,H1_E_blue,0,1,1,1,1,1,1,1,1,,,,
H1,H,E_gray,Sebastian,PA,Sebastian_140_10,H1_E_gray,0,0,1,1,1,1,1,1,1,,,,
H2,H,A_red,Holyshit,PA,Holyshit_101_1,H2_A_red,0,0,0,1,1,1,1,1,1,,,,
H2,H,A_yellow,Holyshit,PA,Holyshit_102_2,H2_A_yellow,0,0,0,1,1,1,1,1,1,,,,
H2,H,A_green,Holyshit,PA,Holyshit_103_3,H2_A_green,0,0,0,0,0,0,0,1,1,,,,
H2,H,A_purple,Holyshit,PA,Holyshit_104_4,H2_A_purple,0,0,0,0,1,1,1,1,1,,,,
H2,H,A_black,Holyshit,PA,Holyshit_105_5,H2_A_black,0,0,0,0,1,1,1,1,1,,,,
H2,H,A_white,Holyshit,PA,Holyshit_106_6,H2_A_white,0,0,0,0,0,0,0,0,0,,,,
H2,H,A_orange,Holyshit,PA,Holyshit_107_7,H2_A_orange,0,0,0,0,1,1,1,1,1,,,,
H2,H,A_pink,Holyshit,PA,Holyshit_108_8,H2_A_pink,0,0,0,0,1,1,1,1,1,,,,
H2,H,A_blue,Holyshit,PA,Holyshit_109_9,H2_A_blue,0,0,0,0,0,0,0,0,0,,,,
H2,H,A_gray,Holyshit,PA,Holyshit_110_10,H2_A_gray,0,0,0,0,0,0,0,0,0,,,,
H2,H,B_red,CK4,PA,CK4_111_1,H2_B_red,0,0,0,0,0,0,1,1,1,,,,
H2,H,B_yellow,CK4,PA,CK4_112_2,H2_B_yellow,0,0,0,0,0,0,0,0,0,,,,
H2,H,B_green,CK4,PA,CK4_113_3,H2_B_green,0,0,0,0,0,0,0,0,0,,,,
H2,H,B_purple,CK4,PA,CK4_114_4,H2_B_purple,0,0,0,0,0,0,0,0,0,,,,
H2,H,B_black,CK4,PA,CK4_115_5,H2_B_black,0,0,0,0,0,0,0,0,0,,,,
H2,H,B_white,CK4,PA,CK4_116_6,H2_B_white,0,0,1,1,1,1,1,1,1,,,,
H2,H,B_orange,CK4,PA,CK4_117_7,H2_B_orange,0,0,0,0,0,0,0,0,0,,,,
H2,H,B_pink,CK4,PA,CK4_118_8,H2_B_pink,0,0,0,0,0,0,0,1,1,,,,
H2,H,B_blue,CK4,PA,CK4_119_9,H2_B_blue,0,0,0,0,0,0,0,0,0,,,,
H2,H,B_gray,CK4,PA,CK4_120_10,H2_B_gray,0,0,0,0,0,0,0,0,0,,,,
H2,H,C_red,CK14,PA,CK14_121_1,H2_C_red,0,0,0,0,0,0,0,0,0,,,,
H2,H,C_yellow,CK14,PA,CK14_122_2,H2_C_yellow,0,0,0,0,0,0,0,0,0,,,,
H2,H,C_green,CK14,PA,CK14_123_3,H2_C_green,0,0,0,1,1,1,1,1,1,,,,
H2,H,C_purple,CK14,PA,CK14_124_4,H2_C_purple,0,0,0,0,0,0,0,0,0,,,,
H2,H,C_black,CK14,PA,CK14_125_5,H2_C_black,0,0,0,0,0,0,0,0,0,,,,
H2,H,C_white,CK14,PA,CK14_126_6,H2_C_white,0,0,0,0,0,0,0,0,0,,,,
H2,H,C_orange,CK14,PA,CK14_127_7,H2_C_orange,0,0,0,0,0,0,0,0,0,,,,
H2,H,C_pink,CK14,PA,CK14_128_8,H2_C_pink,0,0,0,0,0,0,0,0,0,,,,
H2,H,C_blue,CK14,PA,CK14_129_9,H2_C_blue,0,0,0,0,0,0,0,0,0,,,,
H2,H,C_gray,CK14,PA,CK14_130_10,H2_C_gray,0,0,0,0,0,0,0,0,0,,,,
H2,H,D_red,Tetas,PA,Tetas_141_1,H2_D_red,0,0,0,0,1,1,1,1,1,,,,
H2,H,D_yellow,Tetas,PA,Tetas_142_2,H2_D_yellow,0,0,0,0,0,0,0,0,1,,,,
H2,H,D_green,Tetas,PA,Tetas_143_3,H2_D_green,0,0,0,0,0,0,0,0,0,,,,
H2,H,D_purple,Tetas,PA,Tetas_144_4,H2_D_purple,0,0,0,0,1,1,1,1,1,,,,
H2,H,D_black,Tetas,PA,Tetas_145_5,H2_D_black,0,0,0,0,0,0,1,1,1,,,,
H2,H,D_white,Tetas,PA,Tetas_146_6,H2_D_white,0,0,0,0,0,0,0,0,0,,,,
H2,H,D_orange,Tetas,PA,Tetas_147_7,H2_D_orange,0,0,0,0,0,0,1,1,1,,,,
H2,H,D_pink,Tetas,PA,Tetas_148_8,H2_D_pink,0,0,0,0,1,1,1,1,1,,,,
H2,H,D_blue,Tetas,PA,Tetas_149_9,H2_D_blue,0,0,0,0,0,0,0,0,0,,,,
H2,H,D_gray,Tetas,PA,Tetas_150_10,H2_D_gray,0,0,0,0,0,0,0,0,0,,,,
H2,H,E_red,Sebastian,PA,Sebastian_131_1,H2_E_red,0,0,0,0,0,0,0,0,0,,,,
H2,H,E_yellow,Sebastian,PA,Sebastian_132_2,H2_E_yellow,0,0,0,0,0,0,0,0,0,,,,
H2,H,E_green,Sebastian,PA,Sebastian_133_3,H2_E_green,0,0,0,0,0,0,0,0,1,,,,
H2,H,E_purple,Sebastian,PA,Sebastian_134_4,H2_E_purple,0,0,0,0,0,0,0,0,0,,,,
H2,H,E_black,Sebastian,PA,Sebastian_135_5,H2_E_black,0,0,0,0,0,0,0,0,0,,,,
H2,H,E_white,Sebastian,PA,Sebastian_136_6,H2_E_white,0,0,0,0,0,0,0,0,0,,,,
H2,H,E_orange,Sebastian,PA,Sebastian_137_7,H2_E_orange,0,0,0,0,1,1,1,1,1,,,,
H2,H,E_pink,Sebastian,PA,Sebastian_138_8,H2_E_pink,0,0,0,0,0,0,0,0,0,,,,
H2,H,E_blue,Sebastian,PA,Sebastian_139_9,H2_E_blue,0,0,0,0,0,0,0,0,0,,,,
H2,H,E_gray,Sebastian,PA,Sebastian_140_10,H2_E_gray,0,0,0,0,0,0,0,1,1,,,,
H3,H,A_red,Holyshit,PA,Holyshit_101_1,H3_A_red,0,0,0,0,1,1,1,1,1,,,,
H3,H,A_yellow,Holyshit,PA,Holyshit_102_2,H3_A_yellow,0,0,0,0,1,1,1,1,1,,,,
H3,H,A_green,Holyshit,PA,Holyshit_103_3,H3_A_green,0,0,0,0,1,1,1,1,1,,,,
H3,H,A_purple,Holyshit,PA,Holyshit_104_4,H3_A_purple,0,0,0,1,1,1,1,1,1,,,,
H3,H,A_black,Holyshit,PA,Holyshit_105_5,H3_A_black,0,1,1,1,1,1,1,1,1,,,,
H3,H,A_white,Holyshit,PA,Holyshit_106_6,H3_A_white,0,0,0,0,0,1,1,1,1,,,,
H3,H,A_orange,Holyshit,PA,Holyshit_107_7,H3_A_orange,0,0,0,0,1,1,1,1,1,,,,
H3,H,A_pink,Holyshit,PA,Holyshit_108_8,H3_A_pink,0,0,0,0,1,1,1,1,1,,,,
H3,H,A_blue,Holyshit,PA,Holyshit_109_9,H3_A_blue,0,0,0,0,0,1,1,1,1,,,,
H3,H,A_gray,Holyshit,PA,Holyshit_110_10,H3_A_gray,0,0,0,0,0,1,1,1,1,,,,
H3,H,B_red,CK4,PA,CK4_111_1,H3_B_red,0,0,0,0,1,1,1,1,1,,,,
H3,H,B_yellow,CK4,PA,CK4_112_2,H3_B_yellow,0,0,0,1,1,1,1,1,1,,,,
H3,H,B_green,CK4,PA,CK4_113_3,H3_B_green,0,0,0,0,1,1,1,1,1,,,,
H3,H,B_purple,CK4,PA,CK4_114_4,H3_B_purple,0,0,0,1,1,1,1,1,1,,,,
H3,H,B_black,CK4,PA,CK4_115_5,H3_B_black,0,0,0,0,0,1,1,1,1,,,,
H3,H,B_white,CK4,PA,CK4_116_6,H3_B_white,0,0,0,0,1,1,1,1,1,,,,
H3,H,B_orange,CK4,PA,CK4_117_7,H3_B_orange,0,0,0,0,1,1,1,1,1,,,,
H3,H,B_pink,CK4,PA,CK4_118_8,H3_B_pink,0,0,0,0,1,1,1,1,1,,,,
H3,H,B_blue,CK4,PA,CK4_119_9,H3_B_blue,0,0,0,1,1,1,1,1,1,,,,
H3,H,B_gray,CK4,PA,CK4_120_10,H3_B_gray,0,0,0,0,1,1,1,1,1,,,,
H3,H,C_red,CK14,PA,CK14_121_1,H3_C_red,0,0,0,1,1,1,1,1,1,,,,
H3,H,C_yellow,CK14,PA,CK14_122_2,H3_C_yellow,0,0,0,0,0,1,1,1,1,,,,
H3,H,C_green,CK14,PA,CK14_123_3,H3_C_green,0,0,0,0,0,1,1,1,1,,,,
H3,H,C_purple,CK14,PA,CK14_124_4,H3_C_purple,0,0,0,1,1,1,1,1,1,,,,
H3,H,C_black,CK14,PA,CK14_125_5,H3_C_black,0,0,0,0,0,1,1,1,1,,,,
H3,H,C_white,CK14,PA,CK14_126_6,H3_C_white,0,0,0,0,0,1,1,1,1,,,,
H3,H,C_orange,CK14,PA,CK14_127_7,H3_C_orange,0,0,0,0,1,1,1,1,1,,,,
H3,H,C_pink,CK14,PA,CK14_128_8,H3_C_pink,0,0,0,0,1,1,1,1,1,,,,
H3,H,C_blue,CK14,PA,CK14_129_9,H3_C_blue,0,0,0,0,1,1,1,1,1,,,,
H3,H,C_gray,CK14,PA,CK14_130_10,H3_C_gray,0,0,0,0,0,1,1,1,1,,,,
H3,H,D_red,Tetas,PA,Tetas_141_1,H3_D_red,0,0,1,1,1,1,1,1,1,,,,
H3,H,D_yellow,Tetas,PA,Tetas_142_2,H3_D_yellow,0,0,0,0,1,1,1,1,1,,,,
H3,H,D_green,Tetas,PA,Tetas_143_3,H3_D_green,0,0,0,0,1,1,1,1,1,,,,
H3,H,D_purple,Tetas,PA,Tetas_144_4,H3_D_purple,0,0,0,1,1,1,1,1,1,,,,
H3,H,D_black,Tetas,PA,Tetas_145_5,H3_D_black,0,0,0,0,1,1,1,1,1,,,,
H3,H,D_white,Tetas,PA,Tetas_146_6,H3_D_white,0,0,0,0,1,1,1,1,1,,,,
H3,H,D_orange,Tetas,PA,Tetas_147_7,H3_D_orange,0,0,0,1,1,1,1,1,1,,,,
H3,H,D_pink,Tetas,PA,Tetas_148_8,H3_D_pink,0,0,1,1,1,1,1,1,1,,,,
H3,H,D_blue,Tetas,PA,Tetas_149_9,H3_D_blue,0,0,0,1,1,1,1,1,1,,,,
H3,H,D_gray,Tetas,PA,Tetas_150_10,H3_D_gray,0,0,0,1,1,1,1,1,1,,,,
H3,H,E_red,Sebastian,PA,Sebastian_131_1,H3_E_red,0,0,0,1,1,1,1,1,1,,,,
H3,H,E_yellow,Sebastian,PA,Sebastian_132_2,H3_E_yellow,0,0,0,0,1,1,1,1,1,,,,
H3,H,E_green,Sebastian,PA,Sebastian_133_3,H3_E_green,0,0,0,1,1,1,1,1,1,,,,
H3,H,E_purple,Sebastian,PA,Sebastian_134_4,H3_E_purple,0,0,0,0,1,1,1,1,1,,,,
H3,H,E_black,Sebastian,PA,Sebastian_135_5,H3_E_black,0,0,0,0,1,1,1,1,1,,,,
H3,H,E_white,Sebastian,PA,Sebastian_136_6,H3_E_white,0,0,0,0,1,1,1,1,1,,,,
H3,H,E_orange,Sebastian,PA,Sebastian_137_7,H3_E_orange,0,0,0,0,1,1,1,1,1,,,,
H3,H,E_pink,Sebastian,PA,Sebastian_138_8,H3_E_pink,0,0,0,0,1,1,1,1,1,,,,
H3,H,E_blue,Sebastian,PA,Sebastian_139_9,H3_E_blue,0,0,0,0,1,1,1,1,1,,,,
H3,H,E_gray,Sebastian,PA,Sebastian_140_10,H3_E_gray,0,0,0,1,1,1,1,1,1,,,,
H4,H,A_red,Holyshit,PA,Holyshit_101_1,H4_A_red,0,0,0,0,0,0,0,0,0,,,,
H4,H,A_yellow,Holyshit,PA,Holyshit_102_2,H4_A_yellow,0,0,0,0,0,0,0,0,1,,,,
H4,H,A_green,Holyshit,PA,Holyshit_103_3,H4_A_green,0,0,0,0,0,0,0,0,1,,,,
H4,H,A_purple,Holyshit,PA,Holyshit_104_4,H4_A_purple,0,0,0,0,0,0,0,0,1,,,,
H4,H,A_black,Holyshit,PA,Holyshit_105_5,H4_A_black,0,0,0,0,0,0,0,0,1,,,,
H4,H,A_white,Holyshit,PA,Holyshit_106_6,H4_A_white,0,0,0,0,0,0,0,0,1,,,,
H4,H,A_orange,Holyshit,PA,Holyshit_107_7,H4_A_orange,0,0,0,0,0,0,0,0,1,,,,
H4,H,A_pink,Holyshit,PA,Holyshit_108_8,H4_A_pink,0,0,0,0,0,0,0,0,1,,,,
H4,H,A_blue,Holyshit,PA,Holyshit_109_9,H4_A_blue,0,0,0,0,0,0,0,0,0,,,,
H4,H,A_gray,Holyshit,PA,Holyshit_110_10,H4_A_gray,0,0,0,0,0,0,0,0,0,,,,
H4,H,B_red,CK4,PA,CK4_111_1,H4_B_red,0,0,0,0,0,0,0,0,1,,,,
H4,H,B_yellow,CK4,PA,CK4_112_2,H4_B_yellow,0,0,0,0,0,0,0,1,1,,,,
H4,H,B_green,CK4,PA,CK4_113_3,H4_B_green,0,0,0,0,0,0,0,0,1,,,,
H4,H,B_purple,CK4,PA,CK4_114_4,H4_B_purple,0,0,0,1,1,1,1,1,1,,,,
H4,H,B_black,CK4,PA,CK4_115_5,H4_B_black,0,0,0,0,0,0,0,0,0,,,,
H4,H,B_white,CK4,PA,CK4_116_6,H4_B_white,0,0,0,0,0,0,0,0,1,,,,
H4,H,B_orange,CK4,PA,CK4_117_7,H4_B_orange,0,0,0,0,0,0,0,0,1,,,,
H4,H,B_pink,CK4,PA,CK4_118_8,H4_B_pink,0,0,0,0,0,0,0,0,0,,,,
H4,H,B_blue,CK4,PA,CK4_119_9,H4_B_blue,0,0,0,0,0,0,0,0,0,,,,
H4,H,B_gray,CK4,PA,CK4_120_10,H4_B_gray,0,0,0,0,0,0,0,0,0,,,,
H4,H,C_red,CK14,PA,CK14_121_1,H4_C_red,0,0,0,0,0,0,0,1,1,,,,
H4,H,C_yellow,CK14,PA,CK14_122_2,H4_C_yellow,0,0,0,0,0,0,0,0,1,,,,
H4,H,C_green,CK14,PA,CK14_123_3,H4_C_green,0,0,0,0,0,0,0,0,1,,,,
H4,H,C_purple,CK14,PA,CK14_124_4,H4_C_purple,0,0,0,0,0,0,0,0,1,,,,
H4,H,C_black,CK14,PA,CK14_125_5,H4_C_black,0,0,0,0,0,0,0,0,0,,,,
H4,H,C_white,CK14,PA,CK14_126_6,H4_C_white,0,0,0,0,0,0,0,0,0,,,,
H4,H,C_orange,CK14,PA,CK14_127_7,H4_C_orange,0,0,0,0,0,0,0,0,1,,,,
H4,H,C_pink,CK14,PA,CK14_128_8,H4_C_pink,0,0,0,0,0,0,0,0,0,,,,
H4,H,C_blue,CK14,PA,CK14_129_9,H4_C_blue,0,0,0,0,0,0,0,0,0,,,,
H4,H,C_gray,CK14,PA,CK14_130_10,H4_C_gray,0,0,0,0,0,0,0,0,1,,,,
H4,H,D_red,Tetas,PA,Tetas_141_1,H4_D_red,0,0,0,0,0,0,1,1,1,,,,
H4,H,D_yellow,Tetas,PA,Tetas_142_2,H4_D_yellow,0,0,0,0,0,0,0,0,1,,,,
H4,H,D_green,Tetas,PA,Tetas_143_3,H4_D_green,0,0,0,0,0,0,0,1,1,,,,
H4,H,D_purple,Tetas,PA,Tetas_144_4,H4_D_purple,0,0,0,0,0,0,1,1,1,,,,
H4,H,D_black,Tetas,PA,Tetas_145_5,H4_D_black,0,0,0,0,0,0,0,0,0,,,,
H4,H,D_white,Tetas,PA,Tetas_146_6,H4_D_white,0,0,0,0,0,0,1,1,1,,,,
H4,H,D_orange,Tetas,PA,Tetas_147_7,H4_D_orange,0,0,0,0,1,1,1,1,1,,,,
H4,H,D_pink,Tetas,PA,Tetas_148_8,H4_D_pink,0,0,0,0,0,0,0,1,1,,,,
H4,H,D_blue,Tetas,PA,Tetas_149_9,H4_D_blue,0,0,0,0,0,0,1,1,1,,,,
H4,H,D_gray,Tetas,PA,Tetas_150_10,H4_D_gray,0,0,0,0,0,0,0,0,0,,,,
H4,H,E_red,Sebastian,PA,Sebastian_131_1,H4_E_red,0,0,0,0,0,0,0,0,0,,,,
H4,H,E_yellow,Sebastian,PA,Sebastian_132_2,H4_E_yellow,0,0,0,0,0,0,0,0,0,,,,
H4,H,E_green,Sebastian,PA,Sebastian_133_3,H4_E_green,0,0,0,0,0,0,0,0,1,,,,
H4,H,E_purple,Sebastian,PA,Sebastian_134_4,H4_E_purple,0,0,0,0,0,0,0,0,0,,,,
H4,H,E_black,Sebastian,PA,Sebastian_135_5,H4_E_black,0,0,0,0,0,0,0,0,0,,,,
H4,H,E_white,Sebastian,PA,Sebastian_136_6,H4_E_white,0,0,0,0,0,0,0,0,1,,,,
H4,H,E_orange,Sebastian,PA,Sebastian_137_7,H4_E_orange,0,0,0,0,0,0,0,0,1,,,,
H4,H,E_pink,Sebastian,PA,Sebastian_138_8,H4_E_pink,0,0,0,0,0,0,0,0,1,,,,
H4,H,E_blue,Sebastian,PA,Sebastian_139_9,H4_E_blue,0,0,0,0,0,0,0,0,1,,,,
H4,H,E_gray,Sebastian,PA,Sebastian_140_10,H4_E_gray,0,0,0,0,0,0,0,0,1,,,,
H5,H,A_red,Holyshit,PA,Holyshit_101_1,H5_A_red,0,0,0,0,0,0,0,0,0,,,,
H5,H,A_yellow,Holyshit,PA,Holyshit_102_2,H5_A_yellow,0,0,0,0,0,0,0,0,0,,,,
H5,H,A_green,Holyshit,PA,Holyshit_103_3,H5_A_green,0,0,0,0,0,0,0,0,0,,,,
H5,H,A_purple,Holyshit,PA,Holyshit_104_4,H5_A_purple,0,0,0,0,0,0,0,0,0,,,,
H5,H,A_black,Holyshit,PA,Holyshit_105_5,H5_A_black,0,0,0,0,0,0,0,0,0,,,,
H5,H,A_white,Holyshit,PA,Holyshit_106_6,H5_A_white,0,0,0,0,0,0,0,0,0,,,,
H5,H,A_orange,Holyshit,PA,Holyshit_107_7,H5_A_orange,0,0,0,0,0,0,0,0,0,,,,
H5,H,A_pink,Holyshit,PA,Holyshit_108_8,H5_A_pink,0,0,0,0,0,0,0,0,0,,,,
H5,H,A_blue,Holyshit,PA,Holyshit_109_9,H5_A_blue,0,0,0,0,0,0,0,0,0,,,,
H5,H,A_gray,Holyshit,PA,Holyshit_110_10,H5_A_gray,0,0,0,0,0,0,0,0,0,,,,
H5,H,B_red,CK4,PA,CK4_111_1,H5_B_red,0,0,0,0,0,0,0,0,0,,,,
H5,H,B_yellow,CK4,PA,CK4_112_2,H5_B_yellow,0,0,0,0,0,0,0,0,0,,,,
H5,H,B_green,CK4,PA,CK4_113_3,H5_B_green,0,0,0,0,0,0,0,0,0,,,,
H5,H,B_purple,CK4,PA,CK4_114_4,H5_B_purple,0,0,0,0,0,0,0,0,0,,,,
H5,H,B_black,CK4,PA,CK4_115_5,H5_B_black,0,0,0,0,0,0,0,0,0,,,,
H5,H,B_white,CK4,PA,CK4_116_6,H5_B_white,0,0,0,0,0,0,0,0,0,,,,
H5,H,B_orange,CK4,PA,CK4_117_7,H5_B_orange,0,0,0,0,0,0,0,0,0,,,,
H5,H,B_pink,CK4,PA,CK4_118_8,H5_B_pink,0,0,0,0,0,0,0,0,1,,,,
H5,H,B_blue,CK4,PA,CK4_119_9,H5_B_blue,0,0,0,0,0,0,0,0,0,,,,
H5,H,B_gray,CK4,PA,CK4_120_10,H5_B_gray,0,0,0,0,0,0,0,0,0,,,,
H5,H,C_red,CK14,PA,CK14_121_1,H5_C_red,0,0,0,0,0,0,0,0,0,,,,
H5,H,C_yellow,CK14,PA,CK14_122_2,H5_C_yellow,0,0,0,0,0,0,0,0,0,,,,
H5,H,C_green,CK14,PA,CK14_123_3,H5_C_green,0,0,0,0,0,0,0,0,0,,,,
H5,H,C_purple,CK14,PA,CK14_124_4,H5_C_purple,0,0,0,0,0,0,0,0,0,,,,
H5,H,C_black,CK14,PA,CK14_125_5,H5_C_black,0,0,0,0,0,0,0,0,0,,,,
H5,H,C_white,CK14,PA,CK14_126_6,H5_C_white,0,0,0,0,0,0,0,0,0,,,,
H5,H,C_orange,CK14,PA,CK14_127_7,H5_C_orange,0,0,0,0,0,0,0,0,0,,,,
H5,H,C_pink,CK14,PA,CK14_128_8,H5_C_pink,0,0,0,0,0,0,0,0,0,,,,
H5,H,C_blue,CK14,PA,CK14_129_9,H5_C_blue,0,0,0,0,0,0,0,0,0,,,,
H5,H,C_gray,CK14,PA,CK14_130_10,H5_C_gray,0,0,0,0,0,0,0,0,0,,,,
H5,H,D_red,Tetas,PA,Tetas_141_1,H5_D_red,0,0,0,1,1,1,1,1,1,,,,
H5,H,D_yellow,Tetas,PA,Tetas_142_2,H5_D_yellow,0,0,0,0,0,0,0,0,0,,,,
H5,H,D_green,Tetas,PA,Tetas_143_3,H5_D_green,0,0,0,0,1,1,1,1,1,,,,
H5,H,D_purple,Tetas,PA,Tetas_144_4,H5_D_purple,0,0,0,0,0,0,0,0,1,,,,
H5,H,D_black,Tetas,PA,Tetas_145_5,H5_D_black,0,0,0,0,0,0,0,0,0,,,,
H5,H,D_white,Tetas,PA,Tetas_146_6,H5_D_white,0,0,0,0,0,0,0,0,0,,,,
H5,H,D_orange,Tetas,PA,Tetas_147_7,H5_D_orange,0,0,0,0,0,0,0,0,0,,,,
H5,H,D_pink,Tetas,PA,Tetas_148_8,H5_D_pink,0,0,0,1,1,1,1,1,1,,,,
H5,H,D_blue,Tetas,PA,Tetas_149_9,H5_D_blue,0,0,0,0,0,0,0,0,0,,,,
H5,H,D_gray,Tetas,PA,Tetas_150_10,H5_D_gray,0,0,0,0,0,0,1,1,1,,,,
H5,H,E_red,Sebastian,PA,Sebastian_131_1,H5_E_red,0,0,0,0,0,0,0,0,0,,,,
H5,H,E_yellow,Sebastian,PA,Sebastian_132_2,H5_E_yellow,0,0,0,0,0,0,0,0,0,,,,
H5,H,E_green,Sebastian,PA,Sebastian_133_3,H5_E_green,0,0,0,0,1,1,1,1,1,,,,
H5,H,E_purple,Sebastian,PA,Sebastian_134_4,H5_E_purple,0,0,0,0,0,0,0,0,0,,,,
H5,H,E_black,Sebastian,PA,Sebastian_135_5,H5_E_black,0,0,0,0,0,0,0,0,0,,,,
H5,H,E_white,Sebastian,PA,Sebastian_136_6,H5_E_white,0,0,0,0,0,0,0,0,0,,,,
H5,H,E_orange,Sebastian,PA,Sebastian_137_7,H5_E_orange,0,0,0,0,0,0,0,0,0,,,,
H5,H,E_pink,Sebastian,PA,Sebastian_138_8,H5_E_pink,0,0,0,0,1,1,1,1,1,,,,
H5,H,E_blue,Sebastian,PA,Sebastian_139_9,H5_E_blue,0,0,0,0,0,0,0,0,0,,,,
H5,H,E_gray,Sebastian,PA,Sebastian_140_10,H5_E_gray,0,0,0,0,0,0,0,1,1,,,,
D1,D,A_red,Holyshit,PA,Holyshit_101_1,D1_A_red,0,0,1,1,1,1,1,1,1,,,,
D1,D,A_yellow,Holyshit,PA,Holyshit_102_2,D1_A_yellow,0,0,0,0,1,1,1,1,1,,,,
D1,D,A_green,Holyshit,PA,Holyshit_103_3,D1_A_green,0,0,0,1,1,1,1,1,1,,,,
D1,D,A_purple,Holyshit,PA,Holyshit_104_4,D1_A_purple,0,0,0,0,1,1,1,1,1,,,,
D1,D,A_black,Holyshit,PA,Holyshit_105_5,D1_A_black,0,0,0,0,1,1,1,1,1,,,,
D1,D,A_white,Holyshit,PA,Holyshit_106_6,D1_A_white,0,0,0,0,1,1,1,1,1,,,,
D1,D,A_orange,Holyshit,PA,Holyshit_107_7,D1_A_orange,0,0,0,1,1,1,1,1,1,,,,
D1,D,A_pink,Holyshit,PA,Holyshit_108_8,D1_A_pink,0,0,0,0,0,0,1,1,1,,,,
D1,D,A_blue,Holyshit,PA,Holyshit_109_9,D1_A_blue,0,0,0,0,1,1,1,1,1,,,,
D1,D,A_gray,Holyshit,PA,Holyshit_110_10,D1_A_gray,0,0,1,1,1,1,1,1,1,,,,
D1,D,B_red,CK4,PA,CK4_111_1,D1_B_red,0,0,1,1,1,1,1,1,1,,,,
D1,D,B_yellow,CK4,PA,CK4_112_2,D1_B_yellow,0,0,1,1,1,1,1,1,1,,,,
D1,D,B_green,CK4,PA,CK4_113_3,D1_B_green,0,0,1,1,1,1,1,1,1,,,,
D1,D,B_purple,CK4,PA,CK4_114_4,D1_B_purple,0,0,1,1,1,1,1,1,1,,,,
D1,D,B_black,CK4,PA,CK4_115_5,D1_B_black,0,0,0,0,1,1,1,1,1,,,,
D1,D,B_white,CK4,PA,CK4_116_6,D1_B_white,0,0,0,1,1,1,1,1,1,,,,
D1,D,B_orange,CK4,PA,CK4_117_7,D1_B_orange,0,0,1,1,1,1,1,1,1,,,,
D1,D,B_pink,CK4,PA,CK4_118_8,D1_B_pink,0,0,1,1,1,1,1,1,1,,,,
D1,D,B_blue,CK4,PA,CK4_119_9,D1_B_blue,0,0,0,1,1,1,1,1,1,,,,
D1,D,B_gray,CK4,PA,CK4_120_10,D1_B_gray,0,0,1,1,1,1,1,1,1,,,,
D1,D,C_red,CK14,PA,CK14_121_1,D1_C_red,0,0,0,0,1,1,1,1,1,,,,
D1,D,C_yellow,CK14,PA,CK14_122_2,D1_C_yellow,0,0,0,1,1,1,1,1,1,,,,
D1,D,C_green,CK14,PA,CK14_123_3,D1_C_green,0,0,0,1,1,1,1,1,1,,,,
D1,D,C_purple,CK14,PA,CK14_124_4,D1_C_purple,0,0,1,1,1,1,1,1,1,,,,
D1,D,C_black,CK14,PA,CK14_125_5,D1_C_black,0,0,0,1,1,1,1,1,1,,,,
D1,D,C_white,CK14,PA,CK14_126_6,D1_C_white,0,0,0,1,1,1,1,1,1,,,,
D1,D,C_orange,CK14,PA,CK14_127_7,D1_C_orange,0,0,0,1,1,1,1,1,1,,,,
D1,D,C_pink,CK14,PA,CK14_128_8,D1_C_pink,0,0,1,1,1,1,1,1,1,,,,
D1,D,C_blue,CK14,PA,CK14_129_9,D1_C_blue,0,0,0,0,1,1,1,1,1,,,,
D1,D,C_gray,CK14,PA,CK14_130_10,D1_C_gray,0,0,0,1,1,1,1,1,1,,,,
D1,D,D_red,Tetas,PA,Tetas_141_1,D1_D_red,0,0,1,1,1,1,1,1,1,,,,
D1,D,D_yellow,Tetas,PA,Tetas_142_2,D1_D_yellow,0,0,0,1,1,1,1,1,1,,,,
D1,D,D_green,Tetas,PA,Tetas_143_3,D1_D_green,0,0,1,1,1,1,1,1,1,,,,
D1,D,D_purple,Tetas,PA,Tetas_144_4,D1_D_purple,0,0,1,1,1,1,1,1,1,,,,
D1,D,D_black,Tetas,PA,Tetas_145_5,D1_D_black,0,0,1,1,1,1,1,1,1,,,,
D1,D,D_white,Tetas,PA,Tetas_146_6,D1_D_white,0,0,0,0,0,0,1,1,1,,,,
D1,D,D_orange,Tetas,PA,Tetas_147_7,D1_D_orange,0,0,0,0,1,1,1,1,1,,,,
D1,D,D_pink,Tetas,PA,Tetas_148_8,D1_D_pink,0,0,1,1,1,1,1,1,1,,,,
D1,D,D_blue,Tetas,PA,Tetas_149_9,D1_D_blue,0,0,0,1,1,1,1,1,1,,,,
D1,D,D_gray,Tetas,PA,Tetas_150_10,D1_D_gray,0,0,1,1,1,1,1,1,1,,,,
D1,D,E_red,Sebastian,PA,Sebastian_131_1,D1_E_red,0,0,1,1,1,1,1,1,1,,,,
D1,D,E_yellow,Sebastian,PA,Sebastian_132_2,D1_E_yellow,0,0,1,1,1,1,1,1,1,,,,
D1,D,E_green,Sebastian,PA,Sebastian_133_3,D1_E_green,0,0,1,1,1,1,1,1,1,,,,
D1,D,E_purple,Sebastian,PA,Sebastian_134_4,D1_E_purple,0,0,0,1,1,1,1,1,1,,,,
D1,D,E_black,Sebastian,PA,Sebastian_135_5,D1_E_black,0,0,0,1,1,1,1,1,1,,,,
D1,D,E_white,Sebastian,PA,Sebastian_136_6,D1_E_white,0,0,0,0,1,1,1,1,1,,,,
D1,D,E_orange,Sebastian,PA,Sebastian_137_7,D1_E_orange,0,0,1,1,1,1,1,1,1,,,,
D1,D,E_pink,Sebastian,PA,Sebastian_138_8,D1_E_pink,0,0,1,1,1,1,1,1,1,,,,
D1,D,E_blue,Sebastian,PA,Sebastian_139_9,D1_E_blue,0,0,1,1,1,1,1,1,1,,,,
D1,D,E_gray,Sebastian,PA,Sebastian_140_10,D1_E_gray,0,0,0,1,1,1,1,1,1,,,,
D2,D,A_red,Holyshit,PA,Holyshit_101_1,D2_A_red,0,0,0,1,1,1,1,1,1,,,,
D2,D,A_yellow,Holyshit,PA,Holyshit_102_2,D2_A_yellow,0,0,0,1,1,1,1,1,1,,,,
D2,D,A_green,Holyshit,PA,Holyshit_103_3,D2_A_green,0,0,0,1,1,1,1,1,1,,,,
D2,D,A_purple,Holyshit,PA,Holyshit_104_4,D2_A_purple,0,0,0,1,1,1,1,1,1,,,,
D2,D,A_black,Holyshit,PA,Holyshit_105_5,D2_A_black,0,0,0,1,1,1,1,1,1,,,,
D2,D,A_white,Holyshit,PA,Holyshit_106_6,D2_A_white,0,0,0,1,1,1,1,1,1,,,,
D2,D,A_orange,Holyshit,PA,Holyshit_107_7,D2_A_orange,0,0,0,0,1,1,1,1,1,,,,
D2,D,A_pink,Holyshit,PA,Holyshit_108_8,D2_A_pink,0,0,0,1,1,1,1,1,1,,,,
D2,D,A_blue,Holyshit,PA,Holyshit_109_9,D2_A_blue,0,0,0,1,1,1,1,1,1,,,,
D2,D,A_gray,Holyshit,PA,Holyshit_110_10,D2_A_gray,0,0,0,1,1,1,1,1,1,,,,
D2,D,B_red,CK4,PA,CK4_111_1,D2_B_red,0,0,1,1,1,1,1,1,1,,,,
D2,D,B_yellow,CK4,PA,CK4_112_2,D2_B_yellow,0,0,0,1,1,1,1,1,1,,,,
D2,D,B_green,CK4,PA,CK4_113_3,D2_B_green,0,0,0,1,1,1,1,1,1,,,,
D2,D,B_purple,CK4,PA,CK4_114_4,D2_B_purple,0,0,0,1,1,1,1,1,1,,,,
D2,D,B_black,CK4,PA,CK4_115_5,D2_B_black,0,0,0,1,1,1,1,1,1,,,,
D2,D,B_white,CK4,PA,CK4_116_6,D2_B_white,0,0,0,1,1,1,1,1,1,,,,
D2,D,B_orange,CK4,PA,CK4_117_7,D2_B_orange,0,0,0,1,1,1,1,1,1,,,,
D2,D,B_pink,CK4,PA,CK4_118_8,D2_B_pink,0,0,0,1,1,1,1,1,1,,,,
D2,D,B_blue,CK4,PA,CK4_119_9,D2_B_blue,0,0,0,1,1,1,1,1,1,,,,
D2,D,B_gray,CK4,PA,CK4_120_10,D2_B_gray,0,0,0,1,1,1,1,1,1,,,,
D2,D,C_red,CK14,PA,CK14_121_1,D2_C_red,0,0,1,1,1,1,1,1,1,,,,
D2,D,C_yellow,CK14,PA,CK14_122_2,D2_C_yellow,0,0,0,1,1,1,1,1,1,,,,
D2,D,C_green,CK14,PA,CK14_123_3,D2_C_green,0,0,0,1,1,1,1,1,1,,,,
D2,D,C_purple,CK14,PA,CK14_124_4,D2_C_purple,0,0,1,1,1,1,1,1,1,,,,
D2,D,C_black,CK14,PA,CK14_125_5,D2_C_black,0,0,0,1,1,1,1,1,1,,,,
D2,D,C_white,CK14,PA,CK14_126_6,D2_C_white,0,0,0,1,1,1,1,1,1,,,,
D2,D,C_orange,CK14,PA,CK14_127_7,D2_C_orange,0,0,0,1,1,1,1,1,1,,,,
D2,D,C_pink,CK14,PA,CK14_128_8,D2_C_pink,0,0,1,1,1,1,1,1,1,,,,
D2,D,C_blue,CK14,PA,CK14_129_9,D2_C_blue,0,0,1,1,1,1,1,1,1,,,,
D2,D,C_gray,CK14,PA,CK14_130_10,D2_C_gray,0,0,0,0,1,1,1,1,1,,,,
D2,D,D_red,Tetas,PA,Tetas_141_1,D2_D_red,0,0,1,1,1,1,1,1,1,,,,
D2,D,D_yellow,Tetas,PA,Tetas_142_2,D2_D_yellow,0,0,0,1,1,1,1,1,1,,,,
D2,D,D_green,Tetas,PA,Tetas_143_3,D2_D_green,0,0,1,1,1,1,1,1,1,,,,
D2,D,D_purple,Tetas,PA,Tetas_144_4,D2_D_purple,0,0,0,1,1,1,1,1,1,,,,
D2,D,D_black,Tetas,PA,Tetas_145_5,D2_D_black,0,0,0,1,1,1,1,1,1,,,,
D2,D,D_white,Tetas,PA,Tetas_146_6,D2_D_white,0,0,0,1,1,1,1,1,1,,,,
D2,D,D_orange,Tetas,PA,Tetas_147_7,D2_D_orange,0,0,0,1,1,1,1,1,1,,,,
D2,D,D_pink,Tetas,PA,Tetas_148_8,D2_D_pink,0,0,1,1,1,1,1,1,1,,,,
D2,D,D_blue,Tetas,PA,Tetas_149_9,D2_D_blue,0,0,0,1,1,1,1,1,1,,,,
D2,D,D_gray,Tetas,PA,Tetas_150_10,D2_D_gray,0,0,0,1,1,1,1,1,1,,,,
D2,D,E_red,Sebastian,PA,Sebastian_131_1,D2_E_red,0,0,0,1,1,1,1,1,1,,,,
D2,D,E_yellow,Sebastian,PA,Sebastian_132_2,D2_E_yellow,0,0,1,1,1,1,1,1,1,,,,
D2,D,E_green,Sebastian,PA,Sebastian_133_3,D2_E_green,0,0,0,1,1,1,1,1,1,,,,
D2,D,E_purple,Sebastian,PA,Sebastian_134_4,D2_E_purple,0,0,0,1,1,1,1,1,1,,,,
D2,D,E_black,Sebastian,PA,Sebastian_135_5,D2_E_black,0,0,0,1,1,1,1,1,1,,,,
D2,D,E_white,Sebastian,PA,Sebastian_136_6,D2_E_white,0,0,0,1,1,1,1,1,1,,,,
D2,D,E_orange,Sebastian,PA,Sebastian_137_7,D2_E_orange,0,0,0,1,1,1,1,1,1,,,,
D2,D,E_pink,Sebastian,PA,Sebastian_138_8,D2_E_pink,0,0,0,1,1,1,1,1,1,,,,
D2,D,E_blue,Sebastian,PA,Sebastian_139_9,D2_E_blue,0,0,0,1,1,1,1,1,1,,,,
D2,D,E_gray,Sebastian,PA,Sebastian_140_10,D2_E_gray,0,0,0,1,1,1,1,1,1,,,,
D3,D,A_red,Holyshit,PA,Holyshit_101_1,D3_A_red,0,0,0,1,1,1,1,1,1,,,,
D3,D,A_yellow,Holyshit,PA,Holyshit_102_2,D3_A_yellow,0,0,0,0,0,0,0,0,0,,,,
D3,D,A_green,Holyshit,PA,Holyshit_103_3,D3_A_green,0,0,0,0,0,0,0,0,0,,,,
D3,D,A_purple,Holyshit,PA,Holyshit_104_4,D3_A_purple,0,0,0,1,1,1,1,1,1,,,,
D3,D,A_black,Holyshit,PA,Holyshit_105_5,D3_A_black,0,0,0,1,1,1,1,1,1,,,,
D3,D,A_white,Holyshit,PA,Holyshit_106_6,D3_A_white,0,0,0,0,1,1,1,1,1,,,,
D3,D,A_orange,Holyshit,PA,Holyshit_107_7,D3_A_orange,0,0,0,0,0,0,0,0,0,,,,
D3,D,A_pink,Holyshit,PA,Holyshit_108_8,D3_A_pink,0,0,0,0,0,0,0,0,0,,,,
D3,D,A_blue,Holyshit,PA,Holyshit_109_9,D3_A_blue,0,0,0,0,0,0,0,0,0,,,,
D3,D,A_gray,Holyshit,PA,Holyshit_110_10,D3_A_gray,0,0,0,0,0,0,0,0,0,,,,
D3,D,B_red,CK4,PA,CK4_111_1,D3_B_red,0,0,0,0,1,1,1,1,1,,,,
D3,D,B_yellow,CK4,PA,CK4_112_2,D3_B_yellow,0,0,0,0,0,0,0,0,0,,,,
D3,D,B_green,CK4,PA,CK4_113_3,D3_B_green,0,0,0,0,0,0,0,0,0,,,,
D3,D,B_purple,CK4,PA,CK4_114_4,D3_B_purple,0,0,0,0,0,0,0,0,1,,,,
D3,D,B_black,CK4,PA,CK4_115_5,D3_B_black,0,0,0,0,0,0,0,0,0,,,,
D3,D,B_white,CK4,PA,CK4_116_6,D3_B_white,0,0,0,0,0,0,0,0,0,,,,
D3,D,B_orange,CK4,PA,CK4_117_7,D3_B_orange,0,0,0,0,0,0,1,1,1,,,,
D3,D,B_pink,CK4,PA,CK4_118_8,D3_B_pink,0,0,0,0,1,1,1,1,1,,,,
D3,D,B_blue,CK4,PA,CK4_119_9,D3_B_blue,0,0,0,0,0,0,0,0,0,,,,
D3,D,B_gray,CK4,PA,CK4_120_10,D3_B_gray,0,0,0,0,0,0,1,1,1,,,,
D3,D,C_red,CK14,PA,CK14_121_1,D3_C_red,0,0,0,0,1,1,1,1,1,,,,
D3,D,C_yellow,CK14,PA,CK14_122_2,D3_C_yellow,0,0,0,0,0,0,0,0,0,,,,
D3,D,C_green,CK14,PA,CK14_123_3,D3_C_green,0,0,0,0,0,0,0,0,0,,,,
D3,D,C_purple,CK14,PA,CK14_124_4,D3_C_purple,0,0,0,0,0,0,0,0,0,,,,
D3,D,C_black,CK14,PA,CK14_125_5,D3_C_black,0,0,0,0,1,1,1,1,1,,,,
D3,D,C_white,CK14,PA,CK14_126_6,D3_C_white,0,0,0,0,1,1,1,1,1,,,,
D3,D,C_orange,CK14,PA,CK14_127_7,D3_C_orange,0,0,0,0,0,0,0,0,0,,,,
D3,D,C_pink,CK14,PA,CK14_128_8,D3_C_pink,0,0,0,0,0,0,0,0,0,,,,
D3,D,C_blue,CK14,PA,CK14_129_9,D3_C_blue,0,0,0,0,0,0,0,0,0,,,,
D3,D,C_gray,CK14,PA,CK14_130_10,D3_C_gray,0,0,0,0,0,0,0,1,1,,,,
D3,D,D_red,Tetas,PA,Tetas_141_1,D3_D_red,0,0,0,0,0,1,1,1,1,,,,
D3,D,D_yellow,Tetas,PA,Tetas_142_2,D3_D_yellow,0,0,0,0,0,0,0,0,0,,,,
D3,D,D_green,Tetas,PA,Tetas_143_3,D3_D_green,0,0,0,1,1,1,1,1,1,,,,
D3,D,D_purple,Tetas,PA,Tetas_144_4,D3_D_purple,0,0,0,0,0,0,0,0,0,,,,
D3,D,D_black,Tetas,PA,Tetas_145_5,D3_D_black,0,0,0,0,0,1,1,1,1,,,,
D3,D,D_white,Tetas,PA,Tetas_146_6,D3_D_white,0,0,0,0,0,0,0,0,0,,,,
D3,D,D_orange,Tetas,PA,Tetas_147_7,D3_D_orange,0,0,0,0,0,0,0,0,0,,,,
D3,D,D_pink,Tetas,PA,Tetas_148_8,D3_D_pink,0,0,0,0,1,1,1,1,1,,,,
D3,D,D_blue,Tetas,PA,Tetas_149_9,D3_D_blue,0,0,0,0,1,1,1,1,1,,,,
D3,D,D_gray,Tetas,PA,Tetas_150_10,D3_D_gray,0,0,0,0,0,0,1,1,1,,,,
D3,D,E_red,Sebastian,PA,Sebastian_131_1,D3_E_red,0,0,0,0,0,0,1,1,1,,,,
D3,D,E_yellow,Sebastian,PA,Sebastian_132_2,D3_E_yellow,0,0,1,1,1,1,1,1,1,,,,
D3,D,E_green,Sebastian,PA,Sebastian_133_3,D3_E_green,0,0,1,1,1,1,1,1,1,,,,
D3,D,E_purple,Sebastian,PA,Sebastian_134_4,D3_E_purple,0,0,0,0,0,0,0,0,1,,,,
D3,D,E_black,Sebastian,PA,Sebastian_135_5,D3_E_black,0,0,1,1,1,1,1,1,1,,,,
D3,D,E_white,Sebastian,PA,Sebastian_136_6,D3_E_white,0,0,0,0,0,0,0,0,0,,,,
D3,D,E_orange,Sebastian,PA,Sebastian_137_7,D3_E_orange,0,0,1,1,1,1,1,1,1,,,,
D3,D,E_pink,Sebastian,PA,Sebastian_138_8,D3_E_pink,0,0,0,0,1,1,1,1,1,,,,
D3,D,E_blue,Sebastian,PA,Sebastian_139_9,D3_E_blue,0,0,0,0,0,0,0,0,0,,,,
D3,D,E_gray,Sebastian,PA,Sebastian_140_10,D3_E_gray,0,0,0,0,1,1,1,1,1,,,,
D4,D,A_red,Holyshit,PA,Holyshit_101_1,D4_A_red,0,0,0,1,1,1,1,1,1,,,,
D4,D,A_yellow,Holyshit,PA,Holyshit_102_2,D4_A_yellow,0,0,0,1,1,1,1,1,1,,,,
D4,D,A_green,Holyshit,PA,Holyshit_103_3,D4_A_green,0,0,0,0,0,0,0,0,0,,,,
D4,D,A_purple,Holyshit,PA,Holyshit_104_4,D4_A_purple,0,0,0,0,0,0,0,1,1,,,,
D4,D,A_black,Holyshit,PA,Holyshit_105_5,D4_A_black,0,0,0,0,0,0,0,1,1,,,,
D4,D,A_white,Holyshit,PA,Holyshit_106_6,D4_A_white,0,0,0,0,1,1,1,1,1,,,,
D4,D,A_orange,Holyshit,PA,Holyshit_107_7,D4_A_orange,0,0,0,0,0,1,1,1,1,,,,
D4,D,A_pink,Holyshit,PA,Holyshit_108_8,D4_A_pink,0,0,0,0,0,0,0,0,0,,,,
D4,D,A_blue,Holyshit,PA,Holyshit_109_9,D4_A_blue,0,0,0,0,0,0,0,0,0,,,,
D4,D,A_gray,Holyshit,PA,Holyshit_110_10,D4_A_gray,0,0,0,0,1,1,1,1,1,,,,
D4,D,B_red,CK4,PA,CK4_111_1,D4_B_red,0,0,0,0,1,1,1,1,1,,,,
D4,D,B_yellow,CK4,PA,CK4_112_2,D4_B_yellow,0,1,1,1,1,1,1,1,1,,,,
D4,D,B_green,CK4,PA,CK4_113_3,D4_B_green,0,0,0,0,0,0,0,0,0,,,,
D4,D,B_purple,CK4,PA,CK4_114_4,D4_B_purple,0,0,0,0,1,1,1,1,1,,,,
D4,D,B_black,CK4,PA,CK4_115_5,D4_B_black,0,0,0,0,0,0,0,1,1,,,,
D4,D,B_white,CK4,PA,CK4_116_6,D4_B_white,1,1,1,1,1,1,1,1,1,,,,
D4,D,B_orange,CK4,PA,CK4_117_7,D4_B_orange,0,0,0,0,1,1,1,1,1,,,,
D4,D,B_pink,CK4,PA,CK4_118_8,D4_B_pink,0,0,0,0,1,1,1,1,1,,,,
D4,D,B_blue,CK4,PA,CK4_119_9,D4_B_blue,0,0,0,1,1,1,1,1,1,,,,
D4,D,B_gray,CK4,PA,CK4_120_10,D4_B_gray,0,0,0,0,0,0,0,0,1,,,,
D4,D,C_red,CK14,PA,CK14_121_1,D4_C_red,1,1,1,1,1,1,1,1,1,,,,
D4,D,C_yellow,CK14,PA,CK14_122_2,D4_C_yellow,0,0,0,0,0,0,1,1,1,,,,
D4,D,C_green,CK14,PA,CK14_123_3,D4_C_green,0,0,0,0,0,0,1,1,1,,,,
D4,D,C_purple,CK14,PA,CK14_124_4,D4_C_purple,0,0,0,1,1,1,1,1,1,,,,
D4,D,C_black,CK14,PA,CK14_125_5,D4_C_black,0,0,0,0,0,1,1,1,1,,,,
D4,D,C_white,CK14,PA,CK14_126_6,D4_C_white,0,0,0,1,1,1,1,1,1,,,,
D4,D,C_orange,CK14,PA,CK14_127_7,D4_C_orange,0,0,1,1,1,1,1,1,1,,,,
D4,D,C_pink,CK14,PA,CK14_128_8,D4_C_pink,0,0,0,0,1,1,1,1,1,,,,
D4,D,C_blue,CK14,PA,CK14_129_9,D4_C_blue,0,0,1,1,1,1,1,1,1,,,,
D4,D,C_gray,CK14,PA,CK14_130_10,D4_C_gray,0,0,0,1,1,1,1,1,1,,,,
D4,D,D_red,Tetas,PA,Tetas_141_1,D4_D_red,0,0,1,1,1,1,1,1,1,,,,
D4,D,D_yellow,Tetas,PA,Tetas_142_2,D4_D_yellow,0,0,0,0,1,1,1,1,1,,,,
D4,D,D_green,Tetas,PA,Tetas_143_3,D4_D_green,0,0,1,1,1,1,1,1,1,,,,
D4,D,D_purple,Tetas,PA,Tetas_144_4,D4_D_purple,0,0,1,1,1,1,1,1,1,,,,
D4,D,D_black,Tetas,PA,Tetas_145_5,D4_D_black,0,0,0,1,1,1,1,1,1,,,,
D4,D,D_white,Tetas,PA,Tetas_146_6,D4_D_white,0,0,0,0,0,1,1,1,1,,,,
D4,D,D_orange,Tetas,PA,Tetas_147_7,D4_D_orange,0,0,0,0,0,1,1,1,1,,,,
D4,D,D_pink,Tetas,PA,Tetas_148_8,D4_D_pink,0,0,1,1,1,1,1,1,1,,,,
D4,D,D_blue,Tetas,PA,Tetas_149_9,D4_D_blue,0,0,0,1,1,1,1,1,1,,,,
D4,D,D_gray,Tetas,PA,Tetas_150_10,D4_D_gray,0,0,0,1,1,1,1,1,1,,,,
D4,D,E_red,Sebastian,PA,Sebastian_131_1,D4_E_red,0,0,0,0,1,1,1,1,1,,,,
D4,D,E_yellow,Sebastian,PA,Sebastian_132_2,D4_E_yellow,0,0,0,0,0,0,0,0,0,,,,
D4,D,E_green,Sebastian,PA,Sebastian_133_3,D4_E_green,0,0,1,1,1,1,1,1,1,,,,
D4,D,E_purple,Sebastian,PA,Sebastian_134_4,D4_E_purple,0,0,0,0,0,0,0,1,1,,,,
D4,D,E_black,Sebastian,PA,Sebastian_135_5,D4_E_black,0,0,0,0,1,1,1,1,1,,,,
D4,D,E_white,Sebastian,PA,Sebastian_136_6,D4_E_white,0,0,0,0,0,0,0,0,1,,,,
D4,D,E_orange,Sebastian,PA,Sebastian_137_7,D4_E_orange,0,0,1,1,1,1,1,1,1,,,,
D4,D,E_pink,Sebastian,PA,Sebastian_138_8,D4_E_pink,0,0,0,0,0,0,0,0,0,,,,
D4,D,E_blue,Sebastian,PA,Sebastian_139_9,D4_E_blue,0,0,0,0,0,0,0,0,0,,,,
D4,D,E_gray,Sebastian,PA,Sebastian_140_10,D4_E_gray,0,0,0,0,1,1,1,1,1,,,,
D5,D,A_red,Holyshit,PA,Holyshit_101_1,D5_A_red,0,0,0,0,0,0,0,0,1,,,,
D5,D,A_yellow,Holyshit,PA,Holyshit_102_2,D5_A_yellow,0,0,0,0,0,0,0,0,0,,,,
D5,D,A_green,Holyshit,PA,Holyshit_103_3,D5_A_green,0,0,0,0,0,0,0,0,0,,,,
D5,D,A_purple,Holyshit,PA,Holyshit_104_4,D5_A_purple,0,0,0,0,1,1,1,1,1,,,,
D5,D,A_black,Holyshit,PA,Holyshit_105_5,D5_A_black,0,0,0,0,0,0,0,1,1,,,,
D5,D,A_white,Holyshit,PA,Holyshit_106_6,D5_A_white,0,0,0,0,0,0,0,0,1,,,,
D5,D,A_orange,Holyshit,PA,Holyshit_107_7,D5_A_orange,0,0,0,0,0,0,0,0,0,,,,
D5,D,A_pink,Holyshit,PA,Holyshit_108_8,D5_A_pink,0,0,0,0,0,0,0,1,1,,,,
D5,D,A_blue,Holyshit,PA,Holyshit_109_9,D5_A_blue,0,0,0,0,0,0,0,0,0,,,,
D5,D,A_gray,Holyshit,PA,Holyshit_110_10,D5_A_gray,0,0,0,0,0,0,0,0,0,,,,
D5,D,B_red,CK4,PA,CK4_111_1,D5_B_red,0,0,0,0,1,1,1,1,1,,,,
D5,D,B_yellow,CK4,PA,CK4_112_2,D5_B_yellow,0,0,0,0,0,0,0,0,0,,,,
D5,D,B_green,CK4,PA,CK4_113_3,D5_B_green,0,0,0,0,0,0,1,1,1,,,,
D5,D,B_purple,CK4,PA,CK4_114_4,D5_B_purple,0,1,1,1,1,1,1,1,1,,,,
D5,D,B_black,CK4,PA,CK4_115_5,D5_B_black,0,0,0,0,0,0,0,0,0,,,,
D5,D,B_white,CK4,PA,CK4_116_6,D5_B_white,0,0,0,0,0,0,0,0,0,,,,
D5,D,B_orange,CK4,PA,CK4_117_7,D5_B_orange,0,0,0,0,0,0,0,0,0,,,,
D5,D,B_pink,CK4,PA,CK4_118_8,D5_B_pink,0,0,0,0,1,1,1,1,1,,,,
D5,D,B_blue,CK4,PA,CK4_119_9,D5_B_blue,0,0,0,0,0,0,1,1,1,,,,
D5,D,B_gray,CK4,PA,CK4_120_10,D5_B_gray,0,0,0,0,0,0,0,0,0,,,,
D5,D,C_red,CK14,PA,CK14_121_1,D5_C_red,0,0,0,0,0,0,0,0,0,,,,
D5,D,C_yellow,CK14,PA,CK14_122_2,D5_C_yellow,0,0,0,0,0,0,0,0,0,,,,
D5,D,C_green,CK14,PA,CK14_123_3,D5_C_green,0,0,0,0,0,0,0,0,0,,,,
D5,D,C_purple,CK14,PA,CK14_124_4,D5_C_purple,0,0,1,1,1,1,1,1,1,,,,
D5,D,C_black,CK14,PA,CK14_125_5,D5_C_black,0,0,0,0,0,0,0,0,0,,,,
D5,D,C_white,CK14,PA,CK14_126_6,D5_C_white,0,0,0,0,0,0,0,0,0,,,,
D5,D,C_orange,CK14,PA,CK14_127_7,D5_C_orange,0,0,0,0,0,0,0,0,0,,,,
D5,D,C_pink,CK14,PA,CK14_128_8,D5_C_pink,0,0,0,0,0,0,0,0,1,,,,
D5,D,C_blue,CK14,PA,CK14_129_9,D5_C_blue,0,0,0,0,0,0,0,0,0,,,,
D5,D,C_gray,CK14,PA,CK14_130_10,D5_C_gray,0,0,0,0,0,0,0,0,0,,,,
D5,D,D_red,Tetas,PA,Tetas_141_1,D5_D_red,0,0,0,1,1,1,1,1,1,,,,
D5,D,D_yellow,Tetas,PA,Tetas_142_2,D5_D_yellow,0,0,0,0,0,0,1,1,1,,,,
D5,D,D_green,Tetas,PA,Tetas_143_3,D5_D_green,0,0,0,0,1,1,1,1,1,,,,
D5,D,D_purple,Tetas,PA,Tetas_144_4,D5_D_purple,0,0,0,0,0,0,1,1,1,,,,
D5,D,D_black,Tetas,PA,Tetas_145_5,D5_D_black,0,0,0,0,1,1,1,1,1,,,,
D5,D,D_white,Tetas,PA,Tetas_146_6,D5_D_white,0,0,0,0,0,0,0,0,0,,,,
D5,D,D_orange,Tetas,PA,Tetas_147_7,D5_D_orange,0,0,0,0,1,1,1,1,1,,,,
D5,D,D_pink,Tetas,PA,Tetas_148_8,D5_D_pink,0,0,0,1,1,1,1,1,1,,,,
D5,D,D_blue,Tetas,PA,Tetas_149_9,D5_D_blue,0,0,0,1,1,1,1,1,1,,,,
D5,D,D_gray,Tetas,PA,Tetas_150_10,D5_D_gray,0,0,0,0,0,0,0,0,0,,,,
D5,D,E_red,Sebastian,PA,Sebastian_131_1,D5_E_red,0,0,0,0,1,1,1,1,1,,,,
D5,D,E_yellow,Sebastian,PA,Sebastian_132_2,D5_E_yellow,0,0,0,1,1,1,1,1,1,,,,
D5,D,E_green,Sebastian,PA,Sebastian_133_3,D5_E_green,0,0,0,1,1,1,1,1,1,,,,
D5,D,E_purple,Sebastian,PA,Sebastian_134_4,D5_E_purple,0,0,0,0,0,0,0,0,0,,,,
D5,D,E_black,Sebastian,PA,Sebastian_135_5,D5_E_black,0,0,0,0,0,0,0,0,0,,,,
D5,D,E_white,Sebastian,PA,Sebastian_136_6,D5_E_white,0,0,0,0,0,0,0,0,0,,,,
D5,D,E_orange,Sebastian,PA,Sebastian_137_7,D5_E_orange,0,0,0,0,0,0,1,1,1,,,,
D5,D,E_pink,Sebastian,PA,Sebastian_138_8,D5_E_pink,0,0,0,1,1,1,1,1,1,,,,
D5,D,E_blue,Sebastian,PA,Sebastian_139_9,D5_E_blue,0,0,0,0,0,0,0,0,0,,,,
D5,D,E_gray,Sebastian,PA,Sebastian_140_10,D5_E_gray,0,0,0,1,1,1,1,1,1,,,,